market,symbol,raw_rows,duplicate_dates,missing_or_nonpositive,ohlc_repaired,bad_ticks,clean_rows,status,first,last,file,sha256_csv
equity_indices,^GSPC,6719.0,0.0,0.0,0.0,0.0,6719.0,ok,2000-01-03,2026-09-21,clean/equity_indices/IDX_GSPC.csv.gz,022baf5434e8d0e2fdc1b9b3eda6cf30d8d7cf1c849c9fcfa86f2cd172abcc1e
equity_indices,^DJI,6719.0,0.0,0.0,0.0,0.0,6719.0,ok,2000-01-03,2026-09-21,clean/equity_indices/IDX_DJI.csv.gz,e01612184431c7b3b3459c41de0d5ae8caa72fc135c0545f87b179413e3e3542
equity_indices,^IXIC,6719.0,0.0,0.0,0.0,0.0,6719.0,ok,2000-01-03,2026-09-21,clean/equity_indices/IDX_IXIC.csv.gz,77a5ee81622b0799ef59b30cc16ec8d1a53977aaaaa2a83bab8eeb796e2f2bd4
equity_indices,^RUT,6719.0,0.0,0.0,0.0,0.0,6719.0,ok,2000-01-03,2026-09-21,clean/equity_indices/IDX_RUT.csv.gz,1740a536391d3925a4eceedd0d21114310f930403e7044342d4ed55b51945d17
equity_indices,^GSPTSE,6756.0,0.0,45.0,0.0,0.0,6711.0,ok,2000-01-04,2026-09-21,clean/equity_indices/IDX_GSPTSE.csv.gz,1c705f630235f14b7a3096e0bb01aa2a523e6c184f4a2808103547014bcc9513
equity_indices,^BVSP,6708.0,0.0,87.0,0.0,0.0,6621.0,ok,2000-01-03,2026-09-21,clean/equity_indices/IDX_BVSP.csv.gz,4cdf9811e395743c3f657200e52b01e8865b3493df07c5f3478edeccedf7114c
equity_indices,^MXX,6779.0,0.0,72.0,0.0,0.0,6707.0,ok,2000-01-03,2026-09-21,clean/equity_indices/IDX_MXX.csv.gz,517241862842ed15d24ef7b677cdc744784bce34a28557c383c70a43a516d486
equity_indices,^MERV,6657.0,0.0,132.0,0.0,0.0,6525.0,ok,2000-01-03,2026-09-21,clean/equity_indices/IDX_MERV.csv.gz,7613cf6dbb405aef51d9d3b4d5640608a7562eb66e96edc4a7384a49cc64b620
equity_indices,^FTSE,6799.0,0.0,50.0,0.0,0.0,6749.0,ok,2000-01-04,2026-09-21,clean/equity_indices/IDX_FTSE.csv.gz,3feaa9b23ee4bc4edb99e34a340a3f12dca6e886a7207482428862bcecd9e426
equity_indices,^GDAXI,6828.0,0.0,43.0,0.0,0.0,6785.0,ok,2000-01-03,2026-09-21,clean/equity_indices/IDX_GDAXI.csv.gz,024a4480cf15d1828da62d79d31c15563a8ef8ffab67ed02b231ca86cca12aeb
equity_indices,^FCHI,6865.0,0.0,36.0,0.0,0.0,6829.0,ok,2000-01-03,2026-09-21,clean/equity_indices/IDX_FCHI.csv.gz,49c131b91f8550ef480dbefd27ae21d06ca2a881fbdc62ed8ea91bb2947c3cb6
equity_indices,^STOXX50E,4896.0,0.0,14.0,0.0,0.0,4882.0,ok,2007-03-30,2026-09-21,clean/equity_indices/IDX_STOXX50E.csv.gz,d2ee340448ec195e631313c2dfc081d2a32e5ee250a8aeba7308ce55aa7436a0
equity_indices,^AEX,6870.0,0.0,38.0,0.0,0.0,6832.0,ok,2000-01-03,2026-09-21,clean/equity_indices/IDX_AEX.csv.gz,c32bbd9ea2e03dc64d056a0e4433bcfa7efef1dde319b5d159407314ec07f03a
equity_indices,^IBEX,6861.0,0.0,64.0,0.0,0.0,6797.0,ok,2000-01-03,2026-09-21,clean/equity_indices/IDX_IBEX.csv.gz,3990b647ce64eb556049bf5a4b46533186810fb4fb6e27242fe847136520b665
equity_indices,^SSMI,6780.0,0.0,73.0,0.0,0.0,6707.0,ok,2000-01-04,2026-09-21,clean/equity_indices/IDX_SSMI.csv.gz,b98c791b619cdca283fbe8bee325e05a25cd4852742e5d081b26a36be43f137f
equity_indices,^N225,6666.0,0.0,122.0,0.0,0.0,6544.0,ok,2000-01-04,2026-09-18,clean/equity_indices/IDX_N225.csv.gz,edbeddb58827117aadc08b427eb374f4cacd24f854ac8f8a51f8b0051f886a70
equity_indices,^HSI,6662.0,0.0,80.0,0.0,0.0,6582.0,ok,2000-01-03,2026-09-18,clean/equity_indices/IDX_HSI.csv.gz,3753cc25c5dbd5fde536b66f9117331725979ce294087ab14fa302fbf6a509d3
equity_indices,000001.SS,6599.0,0.0,130.0,0.0,0.0,6469.0,ok,2000-01-04,2026-09-18,clean/equity_indices/000001.SS.csv.gz,f84baec0dc4e61090d71b9630cda4ec3f915214045f403f5b0a3ad8da4e002c3
equity_indices,^KS11,6680.0,0.0,101.0,0.0,0.0,6579.0,ok,2000-01-04,2026-09-18,clean/equity_indices/IDX_KS11.csv.gz,bcc84f13af1a438d5df029c10cbe49cb38c1ec0baabc05e07e16ad455ff32b0a
equity_indices,^TWII,6650.0,0.0,99.0,0.0,0.0,6551.0,ok,2000-01-04,2026-09-18,clean/equity_indices/IDX_TWII.csv.gz,d9703011491931915cecd96627685605ab215f3965c77221da3c94253bcc8013
equity_indices,^AXJO,6797.0,0.0,46.0,0.0,0.0,6751.0,ok,2000-01-04,2026-09-18,clean/equity_indices/IDX_AXJO.csv.gz,5e8fe764cca77327600d509530c47bb574bfb5b58db397d432fdcaa4cac4690b
equity_indices,^NZ50,5976.0,1.0,121.0,0.0,0.0,5854.0,ok,2003-01-03,2026-09-21,clean/equity_indices/IDX_NZ50.csv.gz,7ca8073d13728dec927aa1cea6fde3ba67c7b3dbf561d4f5a9433bdcfd7524f9
equity_indices,^NSEI,4699.0,0.0,36.0,0.0,0.0,4663.0,ok,2007-09-17,2026-09-18,clean/equity_indices/IDX_NSEI.csv.gz,0a0d277c4812a5d0119af5c06657e3ecc3e4aacdfb1af7c44946da25472f3a30
equity_indices,^BSESN,6677.0,0.0,91.0,0.0,0.0,6586.0,ok,2000-01-03,2026-09-18,clean/equity_indices/IDX_BSESN.csv.gz,bed7721f5352e5f2bd8030a0a8074a48c53b718fa4c4056055acfc4e7bf858e6
equity_indices,^STI,6769.0,0.0,81.0,0.0,0.0,6688.0,ok,2000-01-03,2026-09-18,clean/equity_indices/IDX_STI.csv.gz,7b543e6a268ae281eeb24dbb3e91970853e5f9d9e18743f957f7ac594e51409d
equity_indices,^JKSE,6655.0,0.0,177.0,0.0,0.0,6478.0,ok,2000-01-04,2026-09-18,clean/equity_indices/IDX_JKSE.csv.gz,61b1942b0559697a9bbe9a2ce4674cc903045e75241afec5d568b8f871d6fc23
equity_indices,^KLSE,6679.0,0.0,127.0,0.0,0.0,6552.0,ok,2000-01-03,2026-09-18,clean/equity_indices/IDX_KLSE.csv.gz,ed9b437c77049705f639001a427d9a5ae9dffb397126b5a959ae039e5a7fe82b
equity_indices,^TA125.TA,6726.0,0.0,654.0,0.0,0.0,6072.0,ok,2000-01-03,2026-09-17,clean/equity_indices/IDX_TA125.TA.csv.gz,487813638ba1f4ade44b44a99e636071b346a914b8dd5cc0d625b0d22177b83f
equity_etfs,XLB,6719.0,0.0,0.0,0.0,0.0,6719.0,ok,2000-01-03,2026-09-21,clean/equity_etfs/XLB.csv.gz,73b8bf42a4c046bce7c7bb84a053ba9a5c994930bb46b0cf1cb450e51dcab1a7
equity_etfs,XLE,6719.0,0.0,0.0,0.0,0.0,6719.0,ok,2000-01-03,2026-09-21,clean/equity_etfs/XLE.csv.gz,00decb93aa41d63f854e7bddd32cdad10df0ad3e1da58a161c7ae8bca732a4a8
equity_etfs,XLF,6719.0,0.0,0.0,0.0,0.0,6719.0,ok,2000-01-03,2026-09-21,clean/equity_etfs/XLF.csv.gz,571979525ef8310e976fc8ceb13402f26c5dda2f842ca76e80ee06787323e406
equity_etfs,XLI,6719.0,0.0,0.0,0.0,0.0,6719.0,ok,2000-01-03,2026-09-21,clean/equity_etfs/XLI.csv.gz,e31856f7064f138753203a4877101a0cc2e273f25284dd9ac55c6f18a3a74674
equity_etfs,XLK,6719.0,0.0,0.0,0.0,0.0,6719.0,ok,2000-01-03,2026-09-21,clean/equity_etfs/XLK.csv.gz,2ec8c538c6f37a452d9601a2d04b26891094f0002b6d75b1df1f3608f7ba3c56
equity_etfs,XLP,6719.0,0.0,0.0,0.0,0.0,6719.0,ok,2000-01-03,2026-09-21,clean/equity_etfs/XLP.csv.gz,15b64060e62e94c6791b2cac7c6373f90510404c2ac6ec48e2fbf4d282bf3b2a
equity_etfs,XLU,6719.0,0.0,0.0,0.0,0.0,6719.0,ok,2000-01-03,2026-09-21,clean/equity_etfs/XLU.csv.gz,e077085c958922bffac93a2c2e7b9bf351194b2d8dabf93c06daed1d57e94bfd
equity_etfs,XLV,6719.0,0.0,0.0,0.0,0.0,6719.0,ok,2000-01-03,2026-09-21,clean/equity_etfs/XLV.csv.gz,7f2d50b2e138bffb9d79bdf41ac978c381b71459f78d02f32fe41968f163cd05
equity_etfs,XLY,6719.0,0.0,0.0,0.0,0.0,6719.0,ok,2000-01-03,2026-09-21,clean/equity_etfs/XLY.csv.gz,8838b62b168036c4e52f5cfda10e4b648df86987aa4a89cee7e08711c1899702
equity_etfs,EWJ,6719.0,0.0,0.0,0.0,0.0,6719.0,ok,2000-01-03,2026-09-21,clean/equity_etfs/EWJ.csv.gz,4833282fe8e829c4b8f08118a37d168b55878eb854b3f624cb948f40e4207efa
equity_etfs,EWG,6719.0,0.0,0.0,0.0,0.0,6719.0,ok,2000-01-03,2026-09-21,clean/equity_etfs/EWG.csv.gz,c518737dd9dd8533c5d9ec20829d1b0262633511daf38132b663b764119b4970
equity_etfs,EWU,6719.0,0.0,0.0,0.0,0.0,6719.0,ok,2000-01-03,2026-09-21,clean/equity_etfs/EWU.csv.gz,6f23a151268cb0867debfad7c8d9ea4b69a0f857cc8bca3d87621834165db68a
equity_etfs,EWC,6719.0,0.0,0.0,1.0,0.0,6719.0,ok,2000-01-03,2026-09-21,clean/equity_etfs/EWC.csv.gz,30547eecac1ad2ae221143f124e7ee1e7187ffc22f8dff606123053a2da1984b
equity_etfs,EWA,6719.0,0.0,0.0,1.0,0.0,6719.0,ok,2000-01-03,2026-09-21,clean/equity_etfs/EWA.csv.gz,3761611019847555ffc49ee58be458351ec0fecd51f3782239d2e4206185745d
equity_etfs,EWZ,6585.0,0.0,0.0,0.0,0.0,6585.0,ok,2000-07-14,2026-09-21,clean/equity_etfs/EWZ.csv.gz,efa9c72bcbddcd68951bf37772bf8493b609f94bd5c6d27ce628e1ca3c6a23e8
equity_etfs,EWH,6719.0,0.0,0.0,0.0,0.0,6719.0,ok,2000-01-03,2026-09-21,clean/equity_etfs/EWH.csv.gz,0369276d77baafc9ee206d8fb0d0f916f41db3d9b067a5f6beb268455b543957
equity_etfs,EWY,6628.0,0.0,0.0,0.0,0.0,6628.0,ok,2000-05-12,2026-09-21,clean/equity_etfs/EWY.csv.gz,ff26ba8c75032fd062d6eead1c0046b6f3fc749038b280d37f9740c97a2864cf
equity_etfs,EWT,6599.0,0.0,0.0,0.0,0.0,6599.0,ok,2000-06-23,2026-09-21,clean/equity_etfs/EWT.csv.gz,2e74a66ee174151248b2c4364beec2468dc4dd29f19678daa788919d2f35d5f7
equity_etfs,EWW,6719.0,0.0,0.0,0.0,0.0,6719.0,ok,2000-01-03,2026-09-21,clean/equity_etfs/EWW.csv.gz,92931b90ddbd2b44313af700962d1f229cdb916ea6c9f36ad0628ab6c4548177
fixed_income,TLT,6075.0,0.0,0.0,0.0,0.0,6075.0,ok,2002-07-30,2026-09-21,clean/fixed_income/TLT.csv.gz,a0c9dbb8543f9a8b60d5c0bfe62f6edc49df72307f5f781347bc935d6a6d8b09
fixed_income,IEF,6075.0,0.0,0.0,0.0,0.0,6075.0,ok,2002-07-30,2026-09-21,clean/fixed_income/IEF.csv.gz,cb498cc6b8447da5e0a7bf8f31ce32d4c2c6b86679c2d05e917e4cadb3d20535
fixed_income,SHY,6075.0,0.0,0.0,0.0,0.0,6075.0,ok,2002-07-30,2026-09-21,clean/fixed_income/SHY.csv.gz,1d4cfb88dc025a32f38ef85fbd7871a1ff2af78a8cf039a21ddeffc60f855ce3
fixed_income,LQD,6075.0,0.0,0.0,0.0,0.0,6075.0,ok,2002-07-30,2026-09-21,clean/fixed_income/LQD.csv.gz,1690d47c59c8dccaffa0dcc3b68bb9a964517488942981c6320a076a98e30c4e
fixed_income,HYG,4893.0,0.0,0.0,0.0,0.0,4893.0,ok,2007-04-11,2026-09-21,clean/fixed_income/HYG.csv.gz,10f1d661d3763fcf3736b4300737c7ac06f64ec957f36ea54d26e13bc8a0c28b
fixed_income,TIP,5733.0,0.0,0.0,0.0,0.0,5733.0,ok,2003-12-05,2026-09-21,clean/fixed_income/TIP.csv.gz,f6e96d36f8da71a70d16a9b8413fe228a7053971252633f0921c50fc6d82f2ab
fixed_income,AGG,5781.0,0.0,0.0,0.0,0.0,5781.0,ok,2003-09-29,2026-09-21,clean/fixed_income/AGG.csv.gz,9281746fccffbd54a5d0ed5dc0b92edd3fe4509b2f7336243af6866bd33ffac0
fixed_income,EMB,4717.0,0.0,0.0,0.0,0.0,4717.0,ok,2007-12-19,2026-09-21,clean/fixed_income/EMB.csv.gz,97d3e97b686693912a2dd70412f3168f2a4b0d3db17e33a2c4f24b5f82f8efa4
fixed_income,ZN=F,6606.0,0.0,78.0,20.0,0.0,6528.0,ok,2000-09-21,2026-09-21,clean/fixed_income/ZN_EQ_F.csv.gz,2d8552197a9fc825aaf737f2c2fb1776728020415a18a9d1317769d54b2b7906
fixed_income,ZB=F,6606.0,0.0,72.0,10.0,0.0,6534.0,ok,2000-09-21,2026-09-21,clean/fixed_income/ZB_EQ_F.csv.gz,64ced617ceb1e4d5eaf88b8961addd673cb4f4d5e136815d9e0d0820fa1971ea
fixed_income,ZF=F,6606.0,0.0,66.0,65.0,0.0,6540.0,ok,2000-09-21,2026-09-21,clean/fixed_income/ZF_EQ_F.csv.gz,14e8bc62aaa34c1c0367493059c6d297584c3f078b86e191f3eee5c3e22242e3
commodities,GC=F,6622.0,0.0,83.0,441.0,0.0,6539.0,ok,2000-08-30,2026-09-21,clean/commodities/GC_EQ_F.csv.gz,403f47e50cedd3e0f6104afde1ca1236bedcd4bb065346b2609b286a05f8b38a
commodities,SI=F,6622.0,0.0,82.0,243.0,0.0,6540.0,ok,2000-08-30,2026-09-21,clean/commodities/SI_EQ_F.csv.gz,d542848e4cd6948159a53bdffd66bc7dee6debda0d9f49df8971610f62d247b4
commodities,HG=F,6622.0,0.0,79.0,300.0,0.0,6543.0,ok,2000-08-30,2026-09-21,clean/commodities/HG_EQ_F.csv.gz,0ca8919c9e7114204912cdf994842f7d68eaf9eff84b4cb0cd7c0fc1253402bf
commodities,PL=F,6793.0,0.0,771.0,441.0,0.0,6022.0,ok,2000-01-04,2026-09-21,clean/commodities/PL_EQ_F.csv.gz,2e7344ef9438529b6f4f017db8c62fb43ff13db32f911ea62c7ed65221485c02
commodities,PA=F,6793.0,0.0,532.0,445.0,0.0,6261.0,ok,2000-01-04,2026-09-21,clean/commodities/PA_EQ_F.csv.gz,fcc193f9546691c590e5faf0042fef8c2c14d5f01c55ec56186f3337487bf210
commodities,CL=F,6627.0,0.0,82.0,7.0,0.0,6545.0,ok,2000-08-23,2026-09-21,clean/commodities/CL_EQ_F.csv.gz,2a145b5ec7b4bd48c2e06c997306e9af6ff56d29d504414b5b4f0c32845ca458
commodities,BZ=F,4823.0,0.0,58.0,69.0,0.0,4765.0,ok,2007-07-30,2026-09-21,clean/commodities/BZ_EQ_F.csv.gz,bba299c5167b5240a5fbf3c52d610ca14bc3c35afe49bf42e26033c4c97b67a5
commodities,NG=F,6622.0,0.0,78.0,32.0,0.0,6544.0,ok,2000-08-30,2026-09-21,clean/commodities/NG_EQ_F.csv.gz,d2569afbf8fe32e6d872d939feb496290dc4332dec13289f4a61c64b7dcd80f8
commodities,HO=F,6620.0,0.0,79.0,8.0,0.0,6541.0,ok,2000-09-01,2026-09-21,clean/commodities/HO_EQ_F.csv.gz,b5f517db93bb7587ba02d7a0fac0896b92faa24be40818520833731a3bc81aea
commodities,RB=F,6577.0,0.0,75.0,4.0,0.0,6502.0,ok,2000-11-01,2026-09-21,clean/commodities/RB_EQ_F.csv.gz,e725cd63fea5c6ed36504736f1b031daab5f5198a110b29a48b84da46b75eee0
commodities,ZC=F,6654.0,0.0,104.0,831.0,0.0,6550.0,ok,2000-07-17,2026-09-21,clean/commodities/ZC_EQ_F.csv.gz,5896bc078962cfb3a9e7c0b12564a42dd9a5a3f8877610ce43f6546e5fa3d90f
commodities,ZW=F,6654.0,0.0,92.0,835.0,0.0,6562.0,ok,2000-07-17,2026-09-21,clean/commodities/ZW_EQ_F.csv.gz,0b756fce8eb53de49a55674ce465aa9ee8d4362638445510bb8a83149a048d0b
commodities,ZS=F,6610.0,0.0,68.0,847.0,0.0,6542.0,ok,2000-09-15,2026-09-21,clean/commodities/ZS_EQ_F.csv.gz,dda87145abb56f40c5c67cc05701ddaa10c6c6b58b8f3e3d4aeca821d0d4cece
commodities,KC=F,6794.0,0.0,96.0,719.0,0.0,6698.0,ok,2000-01-03,2026-09-21,clean/commodities/KC_EQ_F.csv.gz,184148d1bab2777db3b4fc733f85bcaf114d4ade14cc0fd11b14e3dab8451ddf
commodities,SB=F,6752.0,0.0,91.0,11.0,0.0,6661.0,ok,2000-03-01,2026-09-21,clean/commodities/SB_EQ_F.csv.gz,9eaf1bb670369a9aebad71468993250a8f9a461f88c6a0978fad2f3cc1a19950
commodities,CC=F,6794.0,0.0,94.0,606.0,0.0,6700.0,ok,2000-01-03,2026-09-21,clean/commodities/CC_EQ_F.csv.gz,2d8ebefc539675642ee4a323de7b59848dcbecd5942ca369c6d56e460a613a3a
commodities,CT=F,8188.0,0.0,1489.0,569.0,0.0,6699.0,ok,2000-01-03,2026-09-18,clean/commodities/CT_EQ_F.csv.gz,59266f5764fcd5580fb0b6226ee6ac39941e42518af2a50ea645fe36989f68b2
commodities,LE=F,6491.0,0.0,86.0,244.0,0.0,6405.0,ok,2001-03-01,2026-09-21,clean/commodities/LE_EQ_F.csv.gz,1ac2e271051ca832ea661cf890fb18491e5fb0e33dd1b2d9da0b79b06335b92c
commodities,HE=F,6545.0,0.0,72.0,362.0,0.0,6473.0,ok,2000-12-15,2026-09-21,clean/commodities/HE_EQ_F.csv.gz,137c9ac3792189812f69ea12aa21a3c8cb8f94030c50edc950ccc7a99a2e95ee
fx,EURUSD=X,5952.0,1.0,34.0,128.0,0.0,5917.0,ok,2003-12-01,2026-09-21,clean/fx/EURUSD_EQ_X.csv.gz,675d77e23fe015434d48072a9b354c2651e8e86db7622d049e56832fd01e1de6
fx,GBPUSD=X,5952.0,1.0,22.0,103.0,0.0,5929.0,ok,2003-12-01,2026-09-21,clean/fx/GBPUSD_EQ_X.csv.gz,ae260e0d85e9d197e154418da6e908b3b38735dfb32eb2706fa8b29d8ccb6b62
fx,USDJPY=X,6972.0,1.0,34.0,262.0,0.0,6937.0,ok,2000-01-03,2026-09-21,clean/fx/USDJPY_EQ_X.csv.gz,335fb4d496e14bcdc081ae51b9b0da0121ec41acfaab6d045cd205f155f9f986
fx,AUDUSD=X,5311.0,1.0,17.0,146.0,0.0,5293.0,ok,2006-05-16,2026-09-21,clean/fx/AUDUSD_EQ_X.csv.gz,cbf82782f2f793d44cc1b6b2a36a69269aac20149a705c7ccd4819f35c57f341
fx,USDCAD=X,6005.0,1.0,19.0,114.0,0.0,5985.0,ok,2003-09-17,2026-09-21,clean/fx/USDCAD_EQ_X.csv.gz,7a62edeae099eefd5e7509ae1827ed2d95b9961825fd86d359d2542aadec9d3c
fx,USDCHF=X,6005.0,1.0,21.0,102.0,0.0,5983.0,ok,2003-09-17,2026-09-21,clean/fx/USDCHF_EQ_X.csv.gz,1ca4ba5963f36a0c0ae297139be48739a52225fd066035f07f5c1774b4e8e6f2
fx,NZDUSD=X,5952.0,1.0,33.0,367.0,0.0,5918.0,ok,2003-12-01,2026-09-21,clean/fx/NZDUSD_EQ_X.csv.gz,607b836e1888a81a696799f378c5eae82baa955ce4609d1789ca9a71b9050730
fx,EURJPY=X,6174.0,1.0,31.0,233.0,0.0,6142.0,ok,2003-01-23,2026-09-21,clean/fx/EURJPY_EQ_X.csv.gz,6b5833b399a523b699fde3e001e2e1a986de023ac351ad0a2585a9fdb767385e
fx,EURGBP=X,6972.0,1.0,14.0,69.0,0.0,6957.0,ok,2000-01-03,2026-09-21,clean/fx/EURGBP_EQ_X.csv.gz,5cf50e105bbea7def1ddeb4faa3a808840871819828b973156ed01633465690a
fx,AUDNZD=X,5952.0,1.0,15.0,159.0,0.0,5936.0,ok,2003-12-01,2026-09-21,clean/fx/AUDNZD_EQ_X.csv.gz,d8a2e7cc13f74139a0c583aa259ee6fdc08361308e890f52e2ebd140b0798fc8
fx,CADJPY=X,5763.0,1.0,16.0,175.0,0.0,5746.0,ok,2004-08-20,2026-09-21,clean/fx/CADJPY_EQ_X.csv.gz,e69ff18013ed240eeaf10dea90fca3c7c3bd8cdf64f2c17994777fb955e3084a
fx,USDINR=X,5952.0,1.0,37.0,240.0,0.0,5914.0,ok,2003-12-01,2026-09-21,clean/fx/USDINR_EQ_X.csv.gz,a0f232929df6c20a6e556af8992224af327ecb1dcc5b45ee9029438cedda8e17
fx,USDBRL=X,5952.0,1.0,452.0,248.0,0.0,5499.0,ok,2003-12-01,2026-09-21,clean/fx/USDBRL_EQ_X.csv.gz,706a833ccebfe643c55a29c5e528372e00f44a539e5b402f0cbaf4b95dfdf396
fx,USDMXN=X,5952.0,1.0,13.0,27.0,0.0,5938.0,ok,2003-12-01,2026-09-21,clean/fx/USDMXN_EQ_X.csv.gz,07378eec446d955236bd70ba5a71b56c60328bfa608d471b832544b1493959e1
fx,USDZAR=X,5952.0,1.0,20.0,94.0,0.0,5931.0,ok,2003-12-01,2026-09-21,clean/fx/USDZAR_EQ_X.csv.gz,ff726818cbbda28840172104717ed8cfec9282804e947afd81a3d0e15ea09c12
fx,USDSGD=X,5952.0,1.0,22.0,223.0,0.0,5929.0,ok,2003-12-01,2026-09-21,clean/fx/USDSGD_EQ_X.csv.gz,b184adad93c1639e9b109c842be903052e4ad792fc97db6cf658008c10c2cdd0
fx,USDKRW=X,5952.0,1.0,36.0,450.0,0.0,5915.0,ok,2003-12-01,2026-09-21,clean/fx/USDKRW_EQ_X.csv.gz,61a902b6c7234869c1e8846b4424b93eccbf1ca2e32adb7f2322787b328753d4
fx,USDTRY=X,5667.0,1.0,20.0,107.0,0.0,5646.0,ok,2005-01-03,2026-09-21,clean/fx/USDTRY_EQ_X.csv.gz,68c577df84eda0c171748f07c03042ffbe401eb51fb0824e2b19f98a8ad391be
crypto,BTC-USD,4388.0,0.0,0.0,0.0,0.0,4388.0,ok,2014-09-17,2026-09-21,clean/crypto/BTC-USD.csv.gz,51e93a2c5ddae75fde84b4b50a2d74404e5b5fd110716e82af23cd161665e7ba
crypto,ETH-USD,3239.0,0.0,0.0,0.0,0.0,3239.0,ok,2017-11-09,2026-09-21,clean/crypto/ETH-USD.csv.gz,a347f5360405cd4a5765e5f5908e9ba9293ee4c3ee3d5f9abbc26402913e6093
crypto,LTC-USD,4388.0,0.0,0.0,0.0,0.0,4388.0,ok,2014-09-17,2026-09-21,clean/crypto/LTC-USD.csv.gz,79a471ed32cc856baa7efedfda8b6452495405f32d5e11dd34c3e93d4031712b
crypto,XRP-USD,3239.0,0.0,0.0,1.0,0.0,3239.0,ok,2017-11-09,2026-09-21,clean/crypto/XRP-USD.csv.gz,a009212af9b8a23417e6dee78bff09741f87e7984351a0b17a897102d04c937c
stocks_us,AAPL,6719.0,0.0,0.0,0.0,0.0,6719.0,ok,2000-01-03,2026-09-21,clean/stocks_us/AAPL.csv.gz,a81c1549e18d9ec3ce26b6accf60c427b5c0b91cb15d51573fe86740f6b7753a
stocks_us,MSFT,6719.0,0.0,0.0,0.0,0.0,6719.0,ok,2000-01-03,2026-09-21,clean/stocks_us/MSFT.csv.gz,be8391933699398d37514d91e952f1b552c34b8c7abfe5aaf68cc20ed6ccabb6
stocks_us,AMZN,6719.0,0.0,0.0,0.0,0.0,6719.0,ok,2000-01-03,2026-09-21,clean/stocks_us/AMZN.csv.gz,6f647e4c2c69b7fdf0c77b35f3de92790ce033263ee848675be9a2421def4acc
stocks_us,JPM,6719.0,0.0,0.0,0.0,0.0,6719.0,ok,2000-01-03,2026-09-21,clean/stocks_us/JPM.csv.gz,60da35bfe771b02757d1bc63e9201c6a418f8c38affcb50ad7e324ba9d45ece4
stocks_us,XOM,6719.0,0.0,0.0,0.0,0.0,6719.0,ok,2000-01-03,2026-09-21,clean/stocks_us/XOM.csv.gz,45ef4da428d6289cc3faba723e512c3a13c686cde91951b2ea61862bc930fd05
stocks_us,JNJ,6719.0,0.0,0.0,0.0,0.0,6719.0,ok,2000-01-03,2026-09-21,clean/stocks_us/JNJ.csv.gz,4cb27f3c608c5110a9cb066b151d598a150f9bfe8fac6ddc087843daa3b85fa3
stocks_us,PG,6719.0,0.0,0.0,0.0,0.0,6719.0,ok,2000-01-03,2026-09-21,clean/stocks_us/PG.csv.gz,c08f5a512e056cab05a7d7d0dedab98cb87842319015555391170876fb172687
stocks_us,KO,6719.0,0.0,0.0,0.0,0.0,6719.0,ok,2000-01-03,2026-09-21,clean/stocks_us/KO.csv.gz,6496505fc042a6968673947eae2d78828340c727790eb87cc8776bdf195c3319
stocks_us,WMT,6719.0,0.0,0.0,0.0,0.0,6719.0,ok,2000-01-03,2026-09-21,clean/stocks_us/WMT.csv.gz,457be8ab1f6302afafb40b72f1d9994733633ba6ed35e59b60df5dfe34fc761f
stocks_us,GE,6719.0,0.0,0.0,0.0,0.0,6719.0,ok,2000-01-03,2026-09-21,clean/stocks_us/GE.csv.gz,9793af54b8fe79378512ad20742a4dc73cb5fae1be1dd33e09bf743ad24b4bf9
stocks_us,IBM,6719.0,0.0,0.0,0.0,0.0,6719.0,ok,2000-01-03,2026-09-21,clean/stocks_us/IBM.csv.gz,772fbd6cd49e69080227589a730ac0c7260a166d049f4c52580878b018e867fc
stocks_us,INTC,6719.0,0.0,0.0,0.0,0.0,6719.0,ok,2000-01-03,2026-09-21,clean/stocks_us/INTC.csv.gz,e5833c57d5cb1f2134c540624193d8a5a0bd3c1ac01d5e0147904aaeadab7a63
stocks_us,CSCO,6719.0,0.0,0.0,0.0,0.0,6719.0,ok,2000-01-03,2026-09-21,clean/stocks_us/CSCO.csv.gz,059181fa7dc3dd4edd74a815240bc599d7ada28e2bdb9cec48fc06ed285b213e
stocks_us,PFE,6719.0,0.0,0.0,0.0,0.0,6719.0,ok,2000-01-03,2026-09-21,clean/stocks_us/PFE.csv.gz,1bddff5bf97f51ed18b51110af383804aeb5e2d4053edf9b6b95cbd97e51501b
stocks_us,CVX,6719.0,0.0,0.0,0.0,0.0,6719.0,ok,2000-01-03,2026-09-21,clean/stocks_us/CVX.csv.gz,3601cb44dfc81568cca302d66fd3fd163cd670502ce92382471e386126c08946
stocks_us,BA,6719.0,0.0,0.0,0.0,0.0,6719.0,ok,2000-01-03,2026-09-21,clean/stocks_us/BA.csv.gz,98de00b211902976d7f149362a806c95bc4fb4f54de5ec620184b0075007b881
stocks_us,CAT,6719.0,0.0,0.0,1.0,0.0,6719.0,ok,2000-01-03,2026-09-21,clean/stocks_us/CAT.csv.gz,29e7ad353785a5b96bf317d78f43f07c402954755768d8d943ee0db73bc05cc3
stocks_us,MMM,6719.0,0.0,0.0,1.0,0.0,6719.0,ok,2000-01-03,2026-09-21,clean/stocks_us/MMM.csv.gz,7df984487701a35b33373cee9fa79509df3b02cbf9c1e51f737453331545d9b1
stocks_us,MRK,6719.0,0.0,0.0,0.0,0.0,6719.0,ok,2000-01-03,2026-09-21,clean/stocks_us/MRK.csv.gz,56820389fd0a45e845d9fe75b46d7f7941aff405e56ec29ef59fdc867406fa74
stocks_us,HD,6719.0,0.0,0.0,0.0,0.0,6719.0,ok,2000-01-03,2026-09-21,clean/stocks_us/HD.csv.gz,2d163735c44098597dfe8ac9f13fa15bebaa4aa3a2cab2af2afabcc8161a704e
stocks_intl,SAP.DE,6828.0,0.0,0.0,87.0,0.0,6828.0,ok,2000-01-03,2026-09-21,clean/stocks_intl/SAP.DE.csv.gz,eab471ed55e6168ba3c47c39b78b4e4bf25759a24cb0497cdeb623b60d474d03
stocks_intl,SIE.DE,6828.0,0.0,0.0,0.0,0.0,6828.0,ok,2000-01-03,2026-09-21,clean/stocks_intl/SIE.DE.csv.gz,d19ed8154534f8619f94c93a57b40f891ccf0930725c98efe8cb1b028ba47aa4
stocks_intl,ALV.DE,6828.0,0.0,0.0,1.0,0.0,6828.0,ok,2000-01-03,2026-09-21,clean/stocks_intl/ALV.DE.csv.gz,34f8c96be26a165e738d053bd17a2b8ed39f8bd870bf7bdb2a651e67707a779a
stocks_intl,NESN.SW,6781.0,0.0,0.0,2.0,0.0,6781.0,ok,2000-01-03,2026-09-21,clean/stocks_intl/NESN.SW.csv.gz,31caedbb44f3412a45036a2d626f71aed104443538079eeee283a6057a2a39db
stocks_intl,NOVN.SW,6781.0,0.0,0.0,2.0,0.0,6781.0,ok,2000-01-03,2026-09-21,clean/stocks_intl/NOVN.SW.csv.gz,af48f99312707363b05b7bb1d6e1cac4173dd6fc0a8160657018087763e5d27c
stocks_intl,ROG.SW,,,,,,,no_raw_file,,,,
stocks_intl,MC.PA,6865.0,0.0,0.0,8.0,0.0,6865.0,ok,2000-01-03,2026-09-21,clean/stocks_intl/MC.PA.csv.gz,ea61e3119b9123241f6b9680d9825a037236412ff5608c00eb0b764ebb192cc6
stocks_intl,TTE.PA,6865.0,0.0,0.0,33.0,0.0,6865.0,ok,2000-01-03,2026-09-21,clean/stocks_intl/TTE.PA.csv.gz,e1070ea3ab0d98742cb00b5964f9d95b35568fafc2fbc2aa44cabaa507fcffa9
stocks_intl,SAN.PA,6865.0,0.0,0.0,6.0,0.0,6865.0,ok,2000-01-03,2026-09-21,clean/stocks_intl/SAN.PA.csv.gz,bed85374e51fcf0bcdf439f21976ad61ea36f2a258a0f249905b0d18d0a3f493
stocks_intl,ASML.AS,6870.0,0.0,0.0,3.0,0.0,6870.0,ok,2000-01-03,2026-09-21,clean/stocks_intl/ASML.AS.csv.gz,a92f029c2220b4a5125cbf24b1e92337e9cfdd1a2cb8968dd20a9b690fdef47e
stocks_intl,SHEL.L,6800.0,0.0,0.0,278.0,0.0,6800.0,ok,2000-01-03,2026-09-21,clean/stocks_intl/SHEL.L.csv.gz,fea4117c5e648ef5171cb6ce71bd16b422bc5e7ed2ebbc96e30159405afc5496
stocks_intl,HSBA.L,6800.0,0.0,1.0,5.0,0.0,6799.0,ok,2000-01-03,2026-09-21,clean/stocks_intl/HSBA.L.csv.gz,08ace6600165f9ac6dde4f054a5f3701b11dbdf5e89e224688b86531d22eb83c
stocks_intl,BP.L,6800.0,0.0,1.0,8.0,0.0,6799.0,ok,2000-01-03,2026-09-21,clean/stocks_intl/BP.L.csv.gz,392961595f782758962643e96495821bb2187a0873a13781e8716c28a02e731f
stocks_intl,AZN.L,6800.0,0.0,0.0,4.0,0.0,6800.0,ok,2000-01-03,2026-09-21,clean/stocks_intl/AZN.L.csv.gz,21ec28940d8308d897bca4b63c2095b2abb26820530a18c7bcea67011db997ef
stocks_intl,ULVR.L,6800.0,0.0,0.0,2.0,0.0,6800.0,ok,2000-01-03,2026-09-21,clean/stocks_intl/ULVR.L.csv.gz,515825da2c2fd16e1962c69b39acd934322ba1151b2088f1285129e24010ce4b
stocks_intl,7203.T,6667.0,0.0,0.0,0.0,0.0,6667.0,ok,2000-01-03,2026-09-18,clean/stocks_intl/7203.T.csv.gz,d07cbc5a6a4c14e20fb041fd2a59ad636fc091480f1574f1dae172427a91f589
stocks_intl,6758.T,6666.0,0.0,0.0,0.0,0.0,6666.0,ok,2000-01-04,2026-09-18,clean/stocks_intl/6758.T.csv.gz,1d50d4ff8f9c5b2ca54d3392242f0a307e4d82a41bfbb7626573544944e22f35
stocks_intl,9984.T,6666.0,0.0,0.0,0.0,0.0,6666.0,ok,2000-01-04,2026-09-18,clean/stocks_intl/9984.T.csv.gz,bf66b74bd487fec6cf86c6b0795389b5181aac264ab9f388992e7f3cbbb2df3f
stocks_intl,8306.T,5169.0,0.0,0.0,1.0,0.0,5169.0,ok,2005-09-29,2026-09-18,clean/stocks_intl/8306.T.csv.gz,a6717a746a0486734de466d75e49c0665877494ce0792495111035c9990597a1
stocks_intl,005930.KS,6680.0,0.0,1.0,1.0,0.0,6679.0,ok,2000-01-04,2026-09-21,clean/stocks_intl/005930.KS.csv.gz,8558bf2b4f094e686a4477c70cce74becd3d833b0d5df2c83b2a668332bee5b3
stocks_intl,2330.TW,6650.0,0.0,6.0,0.0,0.0,6644.0,ok,2000-01-04,2026-09-21,clean/stocks_intl/2330.TW.csv.gz,76767664002aee0fb2deaa1e62ecb1ddb1f0475c1f5540b06d3d5e56d5076445
stocks_intl,0700.HK,5500.0,0.0,2.0,3.0,0.0,5498.0,ok,2004-06-16,2026-09-21,clean/stocks_intl/0700.HK.csv.gz,6fc30e18214f2b4d4bf3c09312eeb154ff246f98cc4d156e54db8588b57bdaba
stocks_intl,0005.HK,6662.0,0.0,2.0,7.0,0.0,6660.0,ok,2000-01-03,2026-09-21,clean/stocks_intl/0005.HK.csv.gz,8da602f3487193073c0a1c187867961aea4316a99dba62b04d4201d0e2631724
stocks_intl,RELIANCE.NS,6677.0,0.0,11.0,0.0,1.0,6665.0,ok,2000-01-03,2026-09-18,clean/stocks_intl/RELIANCE.NS.csv.gz,89ff679c39793bd9d5ef18af1164f3c70dcd892dca4a6c0699ee726bbb2090b8
stocks_intl,TCS.NS,5997.0,0.0,10.0,0.0,1.0,5986.0,ok,2002-08-12,2026-09-18,clean/stocks_intl/TCS.NS.csv.gz,d419a2e7a2d7ac26b4c61aca7324d85ae692ecfea1c2d0c98db5179dc44e23ef
stocks_intl,INFY.NS,6677.0,0.0,8.0,0.0,0.0,6669.0,ok,2000-01-03,2026-09-18,clean/stocks_intl/INFY.NS.csv.gz,3067edc779ec13a0e3e24d27f021c9d986135c49ecb6f1b6ac6e335888cb95cc
stocks_intl,HDFCBANK.NS,6677.0,0.0,8.0,0.0,0.0,6669.0,ok,2000-01-03,2026-09-18,clean/stocks_intl/HDFCBANK.NS.csv.gz,d7fb43465daaa31bcf2cbe50402432d7a16015e1acaca0b4867df484e4204a3e
stocks_intl,BHP.AX,6798.0,0.0,0.0,0.0,0.0,6798.0,ok,2000-01-03,2026-09-21,clean/stocks_intl/BHP.AX.csv.gz,2f3ada6a915b1c209a2139409c99607569820329e6ce5618a7b237b35e648a82
stocks_intl,CBA.AX,6798.0,0.0,0.0,1.0,0.0,6798.0,ok,2000-01-03,2026-09-21,clean/stocks_intl/CBA.AX.csv.gz,246e2b307aa8b81f519c35ed78e81468587148bbe3a70eb4d99f56bd3635a9f7
stocks_intl,RY.TO,6756.0,0.0,45.0,0.0,0.0,6711.0,ok,2000-01-04,2026-09-21,clean/stocks_intl/RY.TO.csv.gz,0688811b40cfc6599d5c1ef6a5752bee89f777c39c2dcf3245f92a070cd42ada
stocks_intl,TD.TO,6756.0,0.0,45.0,0.0,0.0,6711.0,ok,2000-01-04,2026-09-21,clean/stocks_intl/TD.TO.csv.gz,4ad2fb361378b52e7a2527c0ff70f6d04e01a831b045a7b1fcc69953faa7ac8b
stocks_intl,ENB.TO,6756.0,0.0,45.0,0.0,0.0,6711.0,ok,2000-01-04,2026-09-21,clean/stocks_intl/ENB.TO.csv.gz,975f58ed90203df25c3e38196411c56aa84bc5dfef9fd89a2f8697adad443c1b
stocks_intl,VALE3.SA,6708.0,0.0,1.0,15.0,0.0,6707.0,ok,2000-01-03,2026-09-21,clean/stocks_intl/VALE3.SA.csv.gz,30892b6a1a41ee4baf95fe492593c1aace9797190265d61e7d3bcc18d6b55cbf
stocks_intl,PETR4.SA,6708.0,0.0,1.0,20.0,0.0,6707.0,ok,2000-01-03,2026-09-21,clean/stocks_intl/PETR4.SA.csv.gz,f76d3f948b510b9dbaf02f2ee4b1267c73ba3dcc3fcc845e9853e3e4abdf1b82
stocks_intl,ITUB4.SA,6455.0,0.0,1.0,20.0,0.0,6454.0,ok,2000-12-21,2026-09-21,clean/stocks_intl/ITUB4.SA.csv.gz,626bf385c6bd11ac1a8f226bcfc3e02bbede1ec76bb6f0874854838baaeec6c8
