file,source,symbol,url,fetched_at_utc,sha256_raw_bytes,bytes
raw/fred/DCOILBRENTEU.csv.gz,fred,DCOILBRENTEU,https://fred.stlouisfed.org/graph/fredgraph.csv?id=DCOILBRENTEU,2026-09-21T20:53:44+00:00,29783075f33251bfa2789e0895aa384cbd2e4926618e467f6e84551f562fd8da,169733
raw/fred/DCOILWTICO.csv.gz,fred,DCOILWTICO,https://fred.stlouisfed.org/graph/fredgraph.csv?id=DCOILWTICO,2026-09-21T20:53:42+00:00,6d250826de55a2c185af8d2b8e60b1f1f5c70b689c30f7400ca8a240bf6db77b,175524
raw/fred/DEXBZUS.csv.gz,fred,DEXBZUS,https://fred.stlouisfed.org/graph/fredgraph.csv?id=DEXBZUS,2026-09-21T20:53:28+00:00,73496d121707e50755e58b48529893dce21de7702f3f69d3a963475c19eb1e5a,147049
raw/fred/DEXCAUS.csv.gz,fred,DEXCAUS,https://fred.stlouisfed.org/graph/fredgraph.csv?id=DEXCAUS,2026-09-21T20:53:07+00:00,5c2e2fdc96191f43295cd7eec854b29bbfcf68678752c4af44bd8932de79f846,258307
raw/fred/DEXINUS.csv.gz,fred,DEXINUS,https://fred.stlouisfed.org/graph/fredgraph.csv?id=DEXINUS,2026-09-21T20:53:24+00:00,755a6f3ec0b611ededb8d30473b7fd0514f6609eff9baab8df6043c0c49f21f9,259847
raw/fred/DEXJPUS.csv.gz,fred,DEXJPUS,https://fred.stlouisfed.org/graph/fredgraph.csv?id=DEXJPUS,2026-09-21T20:53:05+00:00,e37b6f740e44304c4510e67be49189c3f9a7b5f3f958625c4b7f0c76efb63811,256721
raw/fred/DEXKOUS.csv.gz,fred,DEXKOUS,https://fred.stlouisfed.org/graph/fredgraph.csv?id=DEXKOUS,2026-09-21T20:53:33+00:00,62e4c4b6cdecf7f52ca273c89981f10cb37ef42ecae62739b24f126552f413a0,217066
raw/fred/DEXMXUS.csv.gz,fred,DEXMXUS,https://fred.stlouisfed.org/graph/fredgraph.csv?id=DEXMXUS,2026-09-21T20:53:31+00:00,676efa2ae952594c0b1ec94a6e6c76bdafd679a9d4a6b7dd3266ff118a0d696e,158439
raw/fred/DEXSZUS.csv.gz,fred,DEXSZUS,https://fred.stlouisfed.org/graph/fredgraph.csv?id=DEXSZUS,2026-09-21T20:53:10+00:00,03b0a5df197dd2794b7e99f28edc036f03a3b648fa2b11cee2d82f6c6ca6b50b,258271
raw/fred/DEXUSAL.csv.gz,fred,DEXUSAL,https://fred.stlouisfed.org/graph/fredgraph.csv?id=DEXUSAL,2026-09-21T20:53:15+00:00,2f1ab841222e30b491c230565ead244861b8363981945c1c0b0a605e8d064e61,258229
raw/fred/DEXUSEU.csv.gz,fred,DEXUSEU,https://fred.stlouisfed.org/graph/fredgraph.csv?id=DEXUSEU,2026-09-21T20:52:59+00:00,df2c1e685d0ef6f085db3adc3223b3eda94938f0263d2c99e1e62002f27d6745,128485
raw/fred/DEXUSNZ.csv.gz,fred,DEXUSNZ,https://fred.stlouisfed.org/graph/fredgraph.csv?id=DEXUSNZ,2026-09-21T20:53:18+00:00,35df4ed2909aff9d9ac03a00c94371478f0332b585eab6ab3a1cd1c94a588df9,258175
raw/fred/DEXUSUK.csv.gz,fred,DEXUSUK,https://fred.stlouisfed.org/graph/fredgraph.csv?id=DEXUSUK,2026-09-21T20:53:02+00:00,4f8c8e878f41f50f7f80e98db490239997ace6da4e6e6b49ccc71b35380ab3fc,258271
raw/fred/DHHNGSP.csv.gz,fred,DHHNGSP,https://fred.stlouisfed.org/graph/fredgraph.csv?id=DHHNGSP,2026-09-21T20:53:46+00:00,606687031bb71c4a8e4444269932890aa76c10ece6aa59aff19b7f1b0342841b,115833
raw/fred/DJIA.csv.gz,fred,DJIA,https://fred.stlouisfed.org/graph/fredgraph.csv?id=DJIA,2026-09-21T20:53:37+00:00,614e1630b9fbceb7fce7fb42db75104e3e7b3b9de2b281f1aff5bc411c18a381,51454
raw/fred/NASDAQCOM.csv.gz,fred,NASDAQCOM,https://fred.stlouisfed.org/graph/fredgraph.csv?id=NASDAQCOM,2026-09-21T20:53:39+00:00,d4d439ee56134056810810314bdcf2f09c2bd51177b06998edf1b34007e4f7c9,280745
raw/fred/SP500.csv.gz,fred,SP500,https://fred.stlouisfed.org/graph/fredgraph.csv?id=SP500,2026-09-21T20:53:35+00:00,2206e0e2612add9348c825c70193b0da09bac5363fbd51bf2f7839957b49da2d,48884
raw/yahoo/000001.SS.json.gz,yahoo,000001.SS,https://query2.finance.yahoo.com/v8/finance/chart/000001.SS?period1=946684800&period2=1790023707&interval=1d&events=div%2Csplit&includeAdjustedClose=true,2026-09-21T20:48:52+00:00,1b72dcfbcb69ac0cf1a44fa6f0e6ae0ec658c0d0d53cc838cdcd490efaf9cd73,673318
raw/yahoo/0005.HK.json.gz,yahoo,0005.HK,https://query2.finance.yahoo.com/v8/finance/chart/0005.HK?period1=946684800&period2=1790023707&interval=1d&events=div%2Csplit&includeAdjustedClose=true,2026-09-21T20:52:36+00:00,f97cdb0ec4775dfcc0f5f689168546317a9f06aa9d436c7d8ea5b2d54b92688f,604222
raw/yahoo/005930.KS.json.gz,yahoo,005930.KS,https://query2.finance.yahoo.com/v8/finance/chart/005930.KS?period1=946684800&period2=1790023707&interval=1d&events=div%2Csplit&includeAdjustedClose=true,2026-09-21T20:52:32+00:00,4a7349fecb75bcd87f636852da217e233a71e551015f209c63d2175b20ae930c,444591
raw/yahoo/0700.HK.json.gz,yahoo,0700.HK,https://query2.finance.yahoo.com/v8/finance/chart/0700.HK?period1=946684800&period2=1790023707&interval=1d&events=div%2Csplit&includeAdjustedClose=true,2026-09-21T20:52:35+00:00,4a2c5fb9eb8a2fefe8835a31d7dc3d6ce4ea6e69ece7f39530ca5b38a3b962cd,592445
raw/yahoo/2330.TW.json.gz,yahoo,2330.TW,https://query2.finance.yahoo.com/v8/finance/chart/2330.TW?period1=946684800&period2=1790023707&interval=1d&events=div%2Csplit&includeAdjustedClose=true,2026-09-21T20:52:33+00:00,df12f3701b54cbd74ffa6a9a05269d71d098aa83e29892ecc0928caf3857f614,570308
raw/yahoo/6758.T.json.gz,yahoo,6758.T,https://query2.finance.yahoo.com/v8/finance/chart/6758.T?period1=946684800&period2=1790023707&interval=1d&events=div%2Csplit&includeAdjustedClose=true,2026-09-21T20:52:27+00:00,60ab6516b7b05835b4a2b4df7a5893c9b243c597e82028fd1f7d469877412678,521940
raw/yahoo/7203.T.json.gz,yahoo,7203.T,https://query2.finance.yahoo.com/v8/finance/chart/7203.T?period1=946684800&period2=1790023707&interval=1d&events=div%2Csplit&includeAdjustedClose=true,2026-09-21T20:52:26+00:00,0f78df31c7d1268232640199962a3121df0ecdb9880bad135166b6f813e5e647,498494
raw/yahoo/8306.T.json.gz,yahoo,8306.T,https://query2.finance.yahoo.com/v8/finance/chart/8306.T?period1=946684800&period2=1790023707&interval=1d&events=div%2Csplit&includeAdjustedClose=true,2026-09-21T20:52:30+00:00,6b0f15e65f79c09aede796476ef143b0edaa03d240ca776a7e9a6422b957cafd,400689
raw/yahoo/9984.T.json.gz,yahoo,9984.T,https://query2.finance.yahoo.com/v8/finance/chart/9984.T?period1=946684800&period2=1790023707&interval=1d&events=div%2Csplit&includeAdjustedClose=true,2026-09-21T20:52:29+00:00,6a8ee3299f1b9684340cffa6819c03563967429b36379e367873ed84f9b6dbb3,496852
raw/yahoo/AAPL.json.gz,yahoo,AAPL,https://query2.finance.yahoo.com/v8/finance/chart/AAPL?period1=946684800&period2=1790023707&interval=1d&events=div%2Csplit&includeAdjustedClose=true,2026-09-21T20:51:23+00:00,e34c2dfba3fd560e63f617c0642dea2706af4286c83c1e9952e7b527aa3d6451,755604
raw/yahoo/AGG.json.gz,yahoo,AGG,https://query2.finance.yahoo.com/v8/finance/chart/AGG?period1=946684800&period2=1790023707&interval=1d&events=div%2Csplit&includeAdjustedClose=true,2026-09-21T20:49:55+00:00,5892c5e2d5ddf16b8cb800e50cd9d914e72629a8e0823f2b923ae89eed7a2a75,640368
raw/yahoo/ALV.DE.json.gz,yahoo,ALV.DE,https://query2.finance.yahoo.com/v8/finance/chart/ALV.DE?period1=946684800&period2=1790023707&interval=1d&events=div%2Csplit&includeAdjustedClose=true,2026-09-21T20:52:04+00:00,fe79356fa6c107e57875079f8b7cf32ac76d8d13c6441f192d988c64397d23c1,687382
raw/yahoo/AMZN.json.gz,yahoo,AMZN,https://query2.finance.yahoo.com/v8/finance/chart/AMZN?period1=946684800&period2=1790023707&interval=1d&events=div%2Csplit&includeAdjustedClose=true,2026-09-21T20:51:26+00:00,d5ef118ae523267e1a261ff8037e169379c69a51210901ae9aa202c5b6b220ba,741996
raw/yahoo/ASML.AS.json.gz,yahoo,ASML.AS,https://query2.finance.yahoo.com/v8/finance/chart/ASML.AS?period1=946684800&period2=1790023707&interval=1d&events=div%2Csplit&includeAdjustedClose=true,2026-09-21T20:52:15+00:00,8c0ac1e71696961faaab6bbc05faae811029acb81173399855da47ef044d9205,724275
raw/yahoo/AUDNZD_EQ_X.json.gz,yahoo,AUDNZD=X,https://query2.finance.yahoo.com/v8/finance/chart/AUDNZD%3DX?period1=946684800&period2=1790023707&interval=1d&events=div%2Csplit&includeAdjustedClose=true,2026-09-21T20:50:59+00:00,abb4a221b20bc408087f4ff88b0c421f72b52ed42d8a76e10e4b1f7f1aa91c1d,635527
raw/yahoo/AUDUSD_EQ_X.json.gz,yahoo,AUDUSD=X,https://query2.finance.yahoo.com/v8/finance/chart/AUDUSD%3DX?period1=946684800&period2=1790023707&interval=1d&events=div%2Csplit&includeAdjustedClose=true,2026-09-21T20:50:47+00:00,8286d48431baaa5b68889d997289cb6689eba1e51c80929a53336aeb3a76095a,569954
raw/yahoo/AZN.L.json.gz,yahoo,AZN.L,https://query2.finance.yahoo.com/v8/finance/chart/AZN.L?period1=946684800&period2=1790023707&interval=1d&events=div%2Csplit&includeAdjustedClose=true,2026-09-21T20:52:22+00:00,0f7743b9ea9ec49f5cf44eac6f5ca52f623d04ba9843cc05d28e584782b9cb9f,464171
raw/yahoo/BA.json.gz,yahoo,BA,https://query2.finance.yahoo.com/v8/finance/chart/BA?period1=946684800&period2=1790023707&interval=1d&events=div%2Csplit&includeAdjustedClose=true,2026-09-21T20:51:51+00:00,951d4720863adc74fdd819d50ae88974243f39173d51e6dfb825a16c6bd66e47,704271
raw/yahoo/BHP.AX.json.gz,yahoo,BHP.AX,https://query2.finance.yahoo.com/v8/finance/chart/BHP.AX?period1=946684800&period2=1790023707&interval=1d&events=div%2Csplit&includeAdjustedClose=true,2026-09-21T20:52:44+00:00,6e1f7bda7931dc0ae5d34673a0037b23df67fd81d609ade7f40325bdabe1cf65,757213
raw/yahoo/BP.L.json.gz,yahoo,BP.L,https://query2.finance.yahoo.com/v8/finance/chart/BP.L?period1=946684800&period2=1790023707&interval=1d&events=div%2Csplit&includeAdjustedClose=true,2026-09-21T20:52:20+00:00,c5e3b8459dd9d7035abfbd454bd0a2bc29228c2a5a3e38057672bd1e44f54027,599776
raw/yahoo/BTC-USD.json.gz,yahoo,BTC-USD,https://query2.finance.yahoo.com/v8/finance/chart/BTC-USD?period1=946684800&period2=1790023707&interval=1d&events=div%2Csplit&includeAdjustedClose=true,2026-09-21T20:51:16+00:00,086153ec7a27287b6435ad6675cf7266ee54b9eda73c3a82afb2cb3c16b15453,437293
raw/yahoo/BZ_EQ_F.json.gz,yahoo,BZ=F,https://query2.finance.yahoo.com/v8/finance/chart/BZ%3DF?period1=946684800&period2=1790023707&interval=1d&events=div%2Csplit&includeAdjustedClose=true,2026-09-21T20:50:16+00:00,0f602ad346ea53a7ba4d5ec974884f064473e3eacf0378a2c4a8698508f9d0b3,501696
raw/yahoo/CADJPY_EQ_X.json.gz,yahoo,CADJPY=X,https://query2.finance.yahoo.com/v8/finance/chart/CADJPY%3DX?period1=946684800&period2=1790023707&interval=1d&events=div%2Csplit&includeAdjustedClose=true,2026-09-21T20:51:01+00:00,bbe9787ea829d580e2d428487c91b83bc4e6c9904edbf958bd8e312a0197322e,590452
raw/yahoo/CAT.json.gz,yahoo,CAT,https://query2.finance.yahoo.com/v8/finance/chart/CAT?period1=946684800&period2=1790023707&interval=1d&events=div%2Csplit&includeAdjustedClose=true,2026-09-21T20:51:53+00:00,04223954b528c9ead6cedecc2a05426d6e3d2c755063e83f98dc1227bf20325d,705804
raw/yahoo/CBA.AX.json.gz,yahoo,CBA.AX,https://query2.finance.yahoo.com/v8/finance/chart/CBA.AX?period1=946684800&period2=1790023707&interval=1d&events=div%2Csplit&includeAdjustedClose=true,2026-09-21T20:52:45+00:00,ecc47e82a709bf730bd611f9039f5650c40c9dd3d17e0b9ffb239c27f66882ed,736408
raw/yahoo/CC_EQ_F.json.gz,yahoo,CC=F,https://query2.finance.yahoo.com/v8/finance/chart/CC%3DF?period1=946684800&period2=1790023707&interval=1d&events=div%2Csplit&includeAdjustedClose=true,2026-09-21T20:50:33+00:00,c519d1014c59476713f0e23755e0239502fb1c34712a6098fb83b0001c846d7a,341229
raw/yahoo/CL_EQ_F.json.gz,yahoo,CL=F,https://query2.finance.yahoo.com/v8/finance/chart/CL%3DF?period1=946684800&period2=1790023707&interval=1d&events=div%2Csplit&includeAdjustedClose=true,2026-09-21T20:50:15+00:00,0b627c0a9a59ededba80fbd2dc898c33be5d970062ae6b378b61ca3bb03c9728,691368
raw/yahoo/CSCO.json.gz,yahoo,CSCO,https://query2.finance.yahoo.com/v8/finance/chart/CSCO?period1=946684800&period2=1790023707&interval=1d&events=div%2Csplit&includeAdjustedClose=true,2026-09-21T20:51:46+00:00,6aae0467cd9abe3e66f04279fcff7b5b72ea891a6098015940a947b03c065231,727041
raw/yahoo/CT_EQ_F.json.gz,yahoo,CT=F,https://query2.finance.yahoo.com/v8/finance/chart/CT%3DF?period1=946684800&period2=1790023707&interval=1d&events=div%2Csplit&includeAdjustedClose=true,2026-09-21T20:50:35+00:00,10c92b27cb7d2d4f818215e9bd3e8e2cc26dfccc08e3a41207a568d355ac9ee8,721634
raw/yahoo/CVX.json.gz,yahoo,CVX,https://query2.finance.yahoo.com/v8/finance/chart/CVX?period1=946684800&period2=1790023707&interval=1d&events=div%2Csplit&includeAdjustedClose=true,2026-09-21T20:51:49+00:00,08b47fe3ac6b81a03ef0152f36c4b936a8cd86daeff270318d0de545261feabb,717165
raw/yahoo/EMB.json.gz,yahoo,EMB,https://query2.finance.yahoo.com/v8/finance/chart/EMB?period1=946684800&period2=1790023707&interval=1d&events=div%2Csplit&includeAdjustedClose=true,2026-09-21T20:49:57+00:00,350318715a1ea6be83a6eb53ad18306ae2fce20a0fcc48a9bbbc6b64008fd4e3,520430
raw/yahoo/ENB.TO.json.gz,yahoo,ENB.TO,https://query2.finance.yahoo.com/v8/finance/chart/ENB.TO?period1=946684800&period2=1790023707&interval=1d&events=div%2Csplit&includeAdjustedClose=true,2026-09-21T20:52:51+00:00,7185ada4820c74089e635117d64c7aefd2fa0cdd9f27efb458bb24dfcad9eace,712240
raw/yahoo/ETH-USD.json.gz,yahoo,ETH-USD,https://query2.finance.yahoo.com/v8/finance/chart/ETH-USD?period1=946684800&period2=1790023707&interval=1d&events=div%2Csplit&includeAdjustedClose=true,2026-09-21T20:51:17+00:00,b68f7c23df404d92d8306512b553bf72dcbee7e1c9e7101402032ab66e093525,359731
raw/yahoo/EURGBP_EQ_X.json.gz,yahoo,EURGBP=X,https://query2.finance.yahoo.com/v8/finance/chart/EURGBP%3DX?period1=946684800&period2=1790023707&interval=1d&events=div%2Csplit&includeAdjustedClose=true,2026-09-21T20:50:57+00:00,3a868772aee060c581f994a3e6b9235797385df89c29fa35d4b27efda3ae1ab9,748091
raw/yahoo/EURJPY_EQ_X.json.gz,yahoo,EURJPY=X,https://query2.finance.yahoo.com/v8/finance/chart/EURJPY%3DX?period1=946684800&period2=1790023707&interval=1d&events=div%2Csplit&includeAdjustedClose=true,2026-09-21T20:50:55+00:00,49acd19d32997ff26f7adebdd435c5074c146f6dc9308dea543913f4e2d94f5a,647707
raw/yahoo/EURUSD_EQ_X.json.gz,yahoo,EURUSD=X,https://query2.finance.yahoo.com/v8/finance/chart/EURUSD%3DX?period1=946684800&period2=1790023707&interval=1d&events=div%2Csplit&includeAdjustedClose=true,2026-09-21T20:50:41+00:00,d5c5bef9c49960b490988d6a2ee0a28ee5703dc2625b3c20b54a33c37959d636,634314
raw/yahoo/EWA.json.gz,yahoo,EWA,https://query2.finance.yahoo.com/v8/finance/chart/EWA?period1=946684800&period2=1790023707&interval=1d&events=div%2Csplit&includeAdjustedClose=true,2026-09-21T20:49:30+00:00,d8d56442bec0b8263a03a694d3a7d573a4c2ddc95be676ae83689ca588eec1b6,720778
raw/yahoo/EWC.json.gz,yahoo,EWC,https://query2.finance.yahoo.com/v8/finance/chart/EWC?period1=946684800&period2=1790023707&interval=1d&events=div%2Csplit&includeAdjustedClose=true,2026-09-21T20:49:28+00:00,4b88d457414cdfa12fcd3738f757286a884ff91cd904cc1f3463ffd7970fe820,717760
raw/yahoo/EWG.json.gz,yahoo,EWG,https://query2.finance.yahoo.com/v8/finance/chart/EWG?period1=946684800&period2=1790023707&interval=1d&events=div%2Csplit&includeAdjustedClose=true,2026-09-21T20:49:24+00:00,9fbbb2d21c36c82b8e658a0b4369d072bcb7aefc29067e673bff932f2b181b75,722892
raw/yahoo/EWH.json.gz,yahoo,EWH,https://query2.finance.yahoo.com/v8/finance/chart/EWH?period1=946684800&period2=1790023707&interval=1d&events=div%2Csplit&includeAdjustedClose=true,2026-09-21T20:49:33+00:00,ea1ea3157ecd9de1bc9c12471b020c9c95fd7f17171a70cd23f739c3ba909a72,723725
raw/yahoo/EWJ.json.gz,yahoo,EWJ,https://query2.finance.yahoo.com/v8/finance/chart/EWJ?period1=946684800&period2=1790023707&interval=1d&events=div%2Csplit&includeAdjustedClose=true,2026-09-21T20:49:22+00:00,a7772aadc3f1de4769533a061560ba6d53a2f3ac542e467a456476c4d762472d,715397
raw/yahoo/EWT.json.gz,yahoo,EWT,https://query2.finance.yahoo.com/v8/finance/chart/EWT?period1=946684800&period2=1790023707&interval=1d&events=div%2Csplit&includeAdjustedClose=true,2026-09-21T20:49:37+00:00,f02ecce7204297a9b47ece4bad440e868300198e6b27be378a6c34cb2ae94d00,710392
raw/yahoo/EWU.json.gz,yahoo,EWU,https://query2.finance.yahoo.com/v8/finance/chart/EWU?period1=946684800&period2=1790023707&interval=1d&events=div%2Csplit&includeAdjustedClose=true,2026-09-21T20:49:26+00:00,c433b241c73fe9561421702dbc77699457cad4cad56f251df02a0ba5fa2b6e68,717189
raw/yahoo/EWW.json.gz,yahoo,EWW,https://query2.finance.yahoo.com/v8/finance/chart/EWW?period1=946684800&period2=1790023707&interval=1d&events=div%2Csplit&includeAdjustedClose=true,2026-09-21T20:49:39+00:00,4097c750ea412fdf546c2124efca84eb808e18d469b4a0235e75920d72d003d1,711483
raw/yahoo/EWY.json.gz,yahoo,EWY,https://query2.finance.yahoo.com/v8/finance/chart/EWY?period1=946684800&period2=1790023707&interval=1d&events=div%2Csplit&includeAdjustedClose=true,2026-09-21T20:49:35+00:00,cb1ce40c95f2fa92d3112f88df6c69521c271050630b552fed15c400b8ce5144,703443
raw/yahoo/EWZ.json.gz,yahoo,EWZ,https://query2.finance.yahoo.com/v8/finance/chart/EWZ?period1=946684800&period2=1790023707&interval=1d&events=div%2Csplit&includeAdjustedClose=true,2026-09-21T20:49:32+00:00,bd16a7f32daa133a109ce6a0b130229a51eff7c93e44925bcdfe92dd19839f37,710267
raw/yahoo/GBPUSD_EQ_X.json.gz,yahoo,GBPUSD=X,https://query2.finance.yahoo.com/v8/finance/chart/GBPUSD%3DX?period1=946684800&period2=1790023707&interval=1d&events=div%2Csplit&includeAdjustedClose=true,2026-09-21T20:50:43+00:00,1e815f2ec863e69732456c07721953ecc469536cd63b5bcf25449ebebb7f3333,634787
raw/yahoo/GC_EQ_F.json.gz,yahoo,GC=F,https://query2.finance.yahoo.com/v8/finance/chart/GC%3DF?period1=946684800&period2=1790023707&interval=1d&events=div%2Csplit&includeAdjustedClose=true,2026-09-21T20:50:05+00:00,ffab7f8574dbd9284992315b2e693d367f14291395d1342f8fe57d903523a2d6,603136
raw/yahoo/GE.json.gz,yahoo,GE,https://query2.finance.yahoo.com/v8/finance/chart/GE?period1=946684800&period2=1790023707&interval=1d&events=div%2Csplit&includeAdjustedClose=true,2026-09-21T20:51:40+00:00,373c0edd982bed948984563450abd91eb39cee305535743316594a55bd8f1177,748475
raw/yahoo/HD.json.gz,yahoo,HD,https://query2.finance.yahoo.com/v8/finance/chart/HD?period1=946684800&period2=1790023707&interval=1d&events=div%2Csplit&includeAdjustedClose=true,2026-09-21T20:51:59+00:00,fc4a65b191789d03532af2c31861223c403e635bc7c615e72c1e605bfdaeaaf8,712941
raw/yahoo/HDFCBANK.NS.json.gz,yahoo,HDFCBANK.NS,https://query2.finance.yahoo.com/v8/finance/chart/HDFCBANK.NS?period1=946684800&period2=1790023707&interval=1d&events=div%2Csplit&includeAdjustedClose=true,2026-09-21T20:52:42+00:00,54c3b14c7e9179a6f1ec4e077a9bbb1dfc8d4d25393c1c76b073aec5f311ec91,647966
raw/yahoo/HE_EQ_F.json.gz,yahoo,HE=F,https://query2.finance.yahoo.com/v8/finance/chart/HE%3DF?period1=946684800&period2=1790023707&interval=1d&events=div%2Csplit&includeAdjustedClose=true,2026-09-21T20:50:39+00:00,f5392c1cf82d760513645a0d12675b03b159e3569d7fc924706e484a83a08385,603282
raw/yahoo/HG_EQ_F.json.gz,yahoo,HG=F,https://query2.finance.yahoo.com/v8/finance/chart/HG%3DF?period1=946684800&period2=1790023707&interval=1d&events=div%2Csplit&includeAdjustedClose=true,2026-09-21T20:50:09+00:00,af1555e820d798c84f055718360cb13de9427aef62458fcc57676f7619622e64,704034
raw/yahoo/HO_EQ_F.json.gz,yahoo,HO=F,https://query2.finance.yahoo.com/v8/finance/chart/HO%3DF?period1=946684800&period2=1790023707&interval=1d&events=div%2Csplit&includeAdjustedClose=true,2026-09-21T20:50:20+00:00,0cc71137d0a1f08b6f5e57dacf311e0e9442c8dbef4850b004b9d4c35312d607,723104
raw/yahoo/HSBA.L.json.gz,yahoo,HSBA.L,https://query2.finance.yahoo.com/v8/finance/chart/HSBA.L?period1=946684800&period2=1790023707&interval=1d&events=div%2Csplit&includeAdjustedClose=true,2026-09-21T20:52:18+00:00,5ffc764db9e5a6699ba23090ed0e6c56f86b8b44f9ec0a7be468879d12e8597e,689327
raw/yahoo/HYG.json.gz,yahoo,HYG,https://query2.finance.yahoo.com/v8/finance/chart/HYG?period1=946684800&period2=1790023707&interval=1d&events=div%2Csplit&includeAdjustedClose=true,2026-09-21T20:49:50+00:00,d02758131bb50d04101d7029960adbf0ada7eb9101bc8ec2b6f29628e0b9f14a,529246
raw/yahoo/IBM.json.gz,yahoo,IBM,https://query2.finance.yahoo.com/v8/finance/chart/IBM?period1=946684800&period2=1790023707&interval=1d&events=div%2Csplit&includeAdjustedClose=true,2026-09-21T20:51:42+00:00,d15c214626cfc7607e0105de97faf6ef7e5d49a0d6f1c7212e5eae2232e9d7fd,746066
raw/yahoo/IDX_AEX.json.gz,yahoo,^AEX,https://query2.finance.yahoo.com/v8/finance/chart/%5EAEX?period1=946684800&period2=1790023707&interval=1d&events=div%2Csplit&includeAdjustedClose=true,2026-09-21T20:48:45+00:00,9b233683f6024598ad37e83295ffbdf501d8b0d4fb0fe2ca21545c6765a7bd8e,731555
raw/yahoo/IDX_AXJO.json.gz,yahoo,^AXJO,https://query2.finance.yahoo.com/v8/finance/chart/%5EAXJO?period1=946684800&period2=1790023707&interval=1d&events=div%2Csplit&includeAdjustedClose=true,2026-09-21T20:48:56+00:00,6f1cdbd2870102a9536d1f12960ada4650572af3bb667c717c56d42c93907293,601660
raw/yahoo/IDX_BSESN.json.gz,yahoo,^BSESN,https://query2.finance.yahoo.com/v8/finance/chart/%5EBSESN?period1=946684800&period2=1790023707&interval=1d&events=div%2Csplit&includeAdjustedClose=true,2026-09-21T20:49:00+00:00,d34330b16811363ac299c3b034fa3f8360bda056e75cf939cf465a0ed0408e46,601898
raw/yahoo/IDX_BVSP.json.gz,yahoo,^BVSP,https://query2.finance.yahoo.com/v8/finance/chart/%5EBVSP?period1=946684800&period2=1790023707&interval=1d&events=div%2Csplit&includeAdjustedClose=true,2026-09-21T20:48:35+00:00,73eafed8e73f4b08b627add9fdac6d2a59af8a72c4a9a7043005538ef531749b,393709
raw/yahoo/IDX_DJI.json.gz,yahoo,^DJI,https://query2.finance.yahoo.com/v8/finance/chart/%5EDJI?period1=946684800&period2=1790023707&interval=1d&events=div%2Csplit&includeAdjustedClose=true,2026-09-21T20:48:30+00:00,4ccbfea0d1adbed22efa599507feade6a79ed9e5d9bc085f643581610cb6f2d2,650440
raw/yahoo/IDX_FCHI.json.gz,yahoo,^FCHI,https://query2.finance.yahoo.com/v8/finance/chart/%5EFCHI?period1=946684800&period2=1790023707&interval=1d&events=div%2Csplit&includeAdjustedClose=true,2026-09-21T20:48:42+00:00,446b34bcea731f94c70c46b55eb62028f80aa04606e7c460ba2152dc5a40eea6,681270
raw/yahoo/IDX_FTSE.json.gz,yahoo,^FTSE,https://query2.finance.yahoo.com/v8/finance/chart/%5EFTSE?period1=946684800&period2=1790023707&interval=1d&events=div%2Csplit&includeAdjustedClose=true,2026-09-21T20:48:39+00:00,72cc7464320e186e42cb9a038117668d99b8d2ce444095f4e83628c93aec9664,640373
raw/yahoo/IDX_GDAXI.json.gz,yahoo,^GDAXI,https://query2.finance.yahoo.com/v8/finance/chart/%5EGDAXI?period1=946684800&period2=1790023707&interval=1d&events=div%2Csplit&includeAdjustedClose=true,2026-09-21T20:48:41+00:00,ec231cca6336cebb43650cb8b15df56b289567d546877aff390f8825f6e90293,674791
raw/yahoo/IDX_GSPC.json.gz,yahoo,^GSPC,https://query2.finance.yahoo.com/v8/finance/chart/%5EGSPC?period1=946684800&period2=1790023707&interval=1d&events=div%2Csplit&includeAdjustedClose=true,2026-09-21T20:48:28+00:00,a6ffd2193f9e76d821ebe133c025c93fba268d2b54e4d3f8cb2d65eb7c5bc72e,723664
raw/yahoo/IDX_GSPTSE.json.gz,yahoo,^GSPTSE,https://query2.finance.yahoo.com/v8/finance/chart/%5EGSPTSE?period1=946684800&period2=1790023707&interval=1d&events=div%2Csplit&includeAdjustedClose=true,2026-09-21T20:48:34+00:00,6a1117d56e840d5908df2a8122ca8ed9ecc7c41925b573716b2ddf38ccb25c9c,627802
raw/yahoo/IDX_HSI.json.gz,yahoo,^HSI,https://query2.finance.yahoo.com/v8/finance/chart/%5EHSI?period1=946684800&period2=1790023707&interval=1d&events=div%2Csplit&includeAdjustedClose=true,2026-09-21T20:48:50+00:00,bdf73f96dc68ec3109f256f79735a8a13e905d58790fc3a8ea8d0dd6763ef1d5,641935
raw/yahoo/IDX_IBEX.json.gz,yahoo,^IBEX,https://query2.finance.yahoo.com/v8/finance/chart/%5EIBEX?period1=946684800&period2=1790023707&interval=1d&events=div%2Csplit&includeAdjustedClose=true,2026-09-21T20:48:46+00:00,6141f6b2ac60a22967ab9c8d185bcba084d9d5a78fdd29dd9f8c946668499f71,628254
raw/yahoo/IDX_IXIC.json.gz,yahoo,^IXIC,https://query2.finance.yahoo.com/v8/finance/chart/%5EIXIC?period1=946684800&period2=1790023707&interval=1d&events=div%2Csplit&includeAdjustedClose=true,2026-09-21T20:48:31+00:00,fe3e2149af75400796acf81efa0f623cfeb54af942c0a7297c0f15ed4edc6083,698652
raw/yahoo/IDX_JKSE.json.gz,yahoo,^JKSE,https://query2.finance.yahoo.com/v8/finance/chart/%5EJKSE?period1=946684800&period2=1790023707&interval=1d&events=div%2Csplit&includeAdjustedClose=true,2026-09-21T20:49:03+00:00,63a2a8657916bf866ede2f710b34c6ed19e77cece0cede59e743e5d3b071c13c,679761
raw/yahoo/IDX_KLSE.json.gz,yahoo,^KLSE,https://query2.finance.yahoo.com/v8/finance/chart/%5EKLSE?period1=946684800&period2=1790023707&interval=1d&events=div%2Csplit&includeAdjustedClose=true,2026-09-21T20:49:04+00:00,5ce799fcb66a3bc758fba8780218ee620aa85276442ffdfa27a06ce745735cd5,717048
raw/yahoo/IDX_KS11.json.gz,yahoo,^KS11,https://query2.finance.yahoo.com/v8/finance/chart/%5EKS11?period1=946684800&period2=1790023707&interval=1d&events=div%2Csplit&includeAdjustedClose=true,2026-09-21T20:48:53+00:00,b78d70d02291c33a3474fea5a43926af4d0106d06123563865d57b5f8c15f1d2,689881
raw/yahoo/IDX_MERV.json.gz,yahoo,^MERV,https://query2.finance.yahoo.com/v8/finance/chart/%5EMERV?period1=946684800&period2=1790023707&interval=1d&events=div%2Csplit&includeAdjustedClose=true,2026-09-21T20:48:38+00:00,4fb23185690e0d21d85799ca642c8c9cb8e08553f906a362fcc721e4d98b560c,336682
raw/yahoo/IDX_MXX.json.gz,yahoo,^MXX,https://query2.finance.yahoo.com/v8/finance/chart/%5EMXX?period1=946684800&period2=1790023707&interval=1d&events=div%2Csplit&includeAdjustedClose=true,2026-09-21T20:48:37+00:00,e242d082f1805f9776ea4185618c70d3ff2ca50eadab37a6fcef9686381a640c,626388
raw/yahoo/IDX_N225.json.gz,yahoo,^N225,https://query2.finance.yahoo.com/v8/finance/chart/%5EN225?period1=946684800&period2=1790023707&interval=1d&events=div%2Csplit&includeAdjustedClose=true,2026-09-21T20:48:49+00:00,698532f76effbe95d5ab9d435e945a9b465e52418c4c564668730333e6c90df5,630685
raw/yahoo/IDX_NSEI.json.gz,yahoo,^NSEI,https://query2.finance.yahoo.com/v8/finance/chart/%5ENSEI?period1=946684800&period2=1790023707&interval=1d&events=div%2Csplit&includeAdjustedClose=true,2026-09-21T20:48:59+00:00,99373a869f64c495d03a4660f012de8adfcc041994f5ea0fc8a971b1f765fd34,418701
raw/yahoo/IDX_NZ50.json.gz,yahoo,^NZ50,https://query2.finance.yahoo.com/v8/finance/chart/%5ENZ50?period1=946684800&period2=1790023707&interval=1d&events=div%2Csplit&includeAdjustedClose=true,2026-09-21T20:48:57+00:00,7af5d80e04473774f2515843123039ddfb228fb5925b057204bf4eec277e1870,591941
raw/yahoo/IDX_RUT.json.gz,yahoo,^RUT,https://query2.finance.yahoo.com/v8/finance/chart/%5ERUT?period1=946684800&period2=1790023707&interval=1d&events=div%2Csplit&includeAdjustedClose=true,2026-09-21T20:48:32+00:00,65511767f6a0dca174c31d2acdf6d91324f13bbbcb21535ec0a25bd15a70619c,733199
raw/yahoo/IDX_SSMI.json.gz,yahoo,^SSMI,https://query2.finance.yahoo.com/v8/finance/chart/%5ESSMI?period1=946684800&period2=1790023707&interval=1d&events=div%2Csplit&includeAdjustedClose=true,2026-09-21T20:48:48+00:00,d1303cc09c8e80ddbbe53d102f4e9400c0e62f658d3f09998f9e4b6c86a7b1f8,643011
raw/yahoo/IDX_STI.json.gz,yahoo,^STI,https://query2.finance.yahoo.com/v8/finance/chart/%5ESTI?period1=946684800&period2=1790023707&interval=1d&events=div%2Csplit&includeAdjustedClose=true,2026-09-21T20:49:01+00:00,37060253009907401f3b0396ad4cbdebfadcd0b407103b1428421ec1e5fdda08,696466
raw/yahoo/IDX_STOXX50E.json.gz,yahoo,^STOXX50E,https://query2.finance.yahoo.com/v8/finance/chart/%5ESTOXX50E?period1=946684800&period2=1790023707&interval=1d&events=div%2Csplit&includeAdjustedClose=true,2026-09-21T20:48:43+00:00,92420e0e660058983db92df20607bda6ec3a0d72fcd6de7dc46cde4ec210ff05,491457
raw/yahoo/IDX_TA125.TA.json.gz,yahoo,^TA125.TA,https://query2.finance.yahoo.com/v8/finance/chart/%5ETA125.TA?period1=946684800&period2=1790023707&interval=1d&events=div%2Csplit&includeAdjustedClose=true,2026-09-21T20:49:05+00:00,faa76cd11e9d49d009bfe371e2b5231e9f72d08ae87fac999833acc147e715c3,661141
raw/yahoo/IDX_TWII.json.gz,yahoo,^TWII,https://query2.finance.yahoo.com/v8/finance/chart/%5ETWII?period1=946684800&period2=1790023707&interval=1d&events=div%2Csplit&includeAdjustedClose=true,2026-09-21T20:48:55+00:00,66dc48539a4a41a941ae03135456f9c938826e29dc0dad99a75269350b17babe,631512
raw/yahoo/IEF.json.gz,yahoo,IEF,https://query2.finance.yahoo.com/v8/finance/chart/IEF?period1=946684800&period2=1790023707&interval=1d&events=div%2Csplit&includeAdjustedClose=true,2026-09-21T20:49:43+00:00,0fc0326cf18ac4b87cba8e0743250e86dd6ac0dcdf1fbdbc7c8180d7fd401461,666919
raw/yahoo/INFY.NS.json.gz,yahoo,INFY.NS,https://query2.finance.yahoo.com/v8/finance/chart/INFY.NS?period1=946684800&period2=1790023707&interval=1d&events=div%2Csplit&includeAdjustedClose=true,2026-09-21T20:52:41+00:00,4ecac0ef10500aff7b4a8238e5af8f039711da60bb4f367b6afab2499241197d,611746
raw/yahoo/INTC.json.gz,yahoo,INTC,https://query2.finance.yahoo.com/v8/finance/chart/INTC?period1=946684800&period2=1790023707&interval=1d&events=div%2Csplit&includeAdjustedClose=true,2026-09-21T20:51:44+00:00,8b24a5a148e899ace81737f04800c43a37952a0a09c6453d28839a21eb47ff28,728730
raw/yahoo/ITUB4.SA.json.gz,yahoo,ITUB4.SA,https://query2.finance.yahoo.com/v8/finance/chart/ITUB4.SA?period1=946684800&period2=1790023707&interval=1d&events=div%2Csplit&includeAdjustedClose=true,2026-09-21T20:52:56+00:00,ffd2e4bad73b3892b5d5d6fe50864c7e2225d86d119d6d1d650160faff527ede,741263
raw/yahoo/JNJ.json.gz,yahoo,JNJ,https://query2.finance.yahoo.com/v8/finance/chart/JNJ?period1=946684800&period2=1790023707&interval=1d&events=div%2Csplit&includeAdjustedClose=true,2026-09-21T20:51:32+00:00,708435697342d65f551fb8bd9d02be38a8a094308ac7c3a5a1797ebc4db9dda0,713225
raw/yahoo/JPM.json.gz,yahoo,JPM,https://query2.finance.yahoo.com/v8/finance/chart/JPM?period1=946684800&period2=1790023707&interval=1d&events=div%2Csplit&includeAdjustedClose=true,2026-09-21T20:51:28+00:00,c18b6502eafba0dd7b01b4f99a9c7a95dc8f96762648e4d83734da15da3aec10,721996
raw/yahoo/KC_EQ_F.json.gz,yahoo,KC=F,https://query2.finance.yahoo.com/v8/finance/chart/KC%3DF?period1=946684800&period2=1790023707&interval=1d&events=div%2Csplit&includeAdjustedClose=true,2026-09-21T20:50:29+00:00,551fc7c5b3bd62d05b756be311e55b7c0f982e786ed8513209c317be04d8bc75,602268
raw/yahoo/KO.json.gz,yahoo,KO,https://query2.finance.yahoo.com/v8/finance/chart/KO?period1=946684800&period2=1790023707&interval=1d&events=div%2Csplit&includeAdjustedClose=true,2026-09-21T20:51:36+00:00,1fe401a4832741cfefdfcd1f278e55a46610c5150ae4e7f5c18f7b7808541f46,724665
raw/yahoo/LE_EQ_F.json.gz,yahoo,LE=F,https://query2.finance.yahoo.com/v8/finance/chart/LE%3DF?period1=946684800&period2=1790023707&interval=1d&events=div%2Csplit&includeAdjustedClose=true,2026-09-21T20:50:38+00:00,d4e5da1880c4befa96bd62b666b64e262e84eec154f8788675b0e97d336d25f9,597992
raw/yahoo/LQD.json.gz,yahoo,LQD,https://query2.finance.yahoo.com/v8/finance/chart/LQD?period1=946684800&period2=1790023707&interval=1d&events=div%2Csplit&includeAdjustedClose=true,2026-09-21T20:49:47+00:00,583cea3042ad1513573f7f6c1325371f69e7e5031be6987272e8e9c8057620e9,675867
raw/yahoo/LTC-USD.json.gz,yahoo,LTC-USD,https://query2.finance.yahoo.com/v8/finance/chart/LTC-USD?period1=946684800&period2=1790023707&interval=1d&events=div%2Csplit&includeAdjustedClose=true,2026-09-21T20:51:19+00:00,e0e71173c074d24af06c1272b8f70ac011d84e5f3abd043c3117b26723eda5fd,492433
raw/yahoo/MC.PA.json.gz,yahoo,MC.PA,https://query2.finance.yahoo.com/v8/finance/chart/MC.PA?period1=946684800&period2=1790023707&interval=1d&events=div%2Csplit&includeAdjustedClose=true,2026-09-21T20:52:09+00:00,16781d6cbc9ea18867e67faff1194357bd62ecc51e0765abf443d78f674d7418,675360
raw/yahoo/MMM.json.gz,yahoo,MMM,https://query2.finance.yahoo.com/v8/finance/chart/MMM?period1=946684800&period2=1790023707&interval=1d&events=div%2Csplit&includeAdjustedClose=true,2026-09-21T20:51:55+00:00,03075b615fcb6c2c0294d22b5ae94da1a1ff17d8d0114713c502e80f5d5a5c90,744232
raw/yahoo/MRK.json.gz,yahoo,MRK,https://query2.finance.yahoo.com/v8/finance/chart/MRK?period1=946684800&period2=1790023707&interval=1d&events=div%2Csplit&includeAdjustedClose=true,2026-09-21T20:51:57+00:00,1a3e369eb606eabb53a8441f8ab1b4cdf95938908939e3239dd58b6e14ebdee2,745716
raw/yahoo/MSFT.json.gz,yahoo,MSFT,https://query2.finance.yahoo.com/v8/finance/chart/MSFT?period1=946684800&period2=1790023707&interval=1d&events=div%2Csplit&includeAdjustedClose=true,2026-09-21T20:51:25+00:00,3983a5d787a3ec072d5d3475718ba747bd01f1afdf5c9793351a7e7bb22acc2b,725309
raw/yahoo/NESN.SW.json.gz,yahoo,NESN.SW,https://query2.finance.yahoo.com/v8/finance/chart/NESN.SW?period1=946684800&period2=1790023707&interval=1d&events=div%2Csplit&includeAdjustedClose=true,2026-09-21T20:52:06+00:00,9fa2a1901013bf877ab573135a4e60565592d6ca63fece64469ce5a2541dfe40,698249
raw/yahoo/NG_EQ_F.json.gz,yahoo,NG=F,https://query2.finance.yahoo.com/v8/finance/chart/NG%3DF?period1=946684800&period2=1790023707&interval=1d&events=div%2Csplit&includeAdjustedClose=true,2026-09-21T20:50:18+00:00,e520e346cdb6848a9c7ee36d9208a3b2ae9e003a5b461356cb97a764cca57071,711523
raw/yahoo/NOVN.SW.json.gz,yahoo,NOVN.SW,https://query2.finance.yahoo.com/v8/finance/chart/NOVN.SW?period1=946684800&period2=1790023707&interval=1d&events=div%2Csplit&includeAdjustedClose=true,2026-09-21T20:52:07+00:00,c06cab3dc0618aa76c17e7d709ea2b01073b04a2e74571447590c8aed1ffdf1d,742985
raw/yahoo/NZDUSD_EQ_X.json.gz,yahoo,NZDUSD=X,https://query2.finance.yahoo.com/v8/finance/chart/NZDUSD%3DX?period1=946684800&period2=1790023707&interval=1d&events=div%2Csplit&includeAdjustedClose=true,2026-09-21T20:50:53+00:00,c662c3722da98d76e2ba72ff26863e96f28a427de8eb03ad79e409546185973f,638140
raw/yahoo/PA_EQ_F.json.gz,yahoo,PA=F,https://query2.finance.yahoo.com/v8/finance/chart/PA%3DF?period1=946684800&period2=1790023707&interval=1d&events=div%2Csplit&includeAdjustedClose=true,2026-09-21T20:50:13+00:00,ec332cdffd2ea56a4d274c34df83ed42b01c47852d2c1365d14986db844a8e48,544554
raw/yahoo/PETR4.SA.json.gz,yahoo,PETR4.SA,https://query2.finance.yahoo.com/v8/finance/chart/PETR4.SA?period1=946684800&period2=1790023707&interval=1d&events=div%2Csplit&includeAdjustedClose=true,2026-09-21T20:52:55+00:00,5b0489686623024a600d8f83f1892fbfdf412357421ae1cec9a9cffc522eecbd,720793
raw/yahoo/PFE.json.gz,yahoo,PFE,https://query2.finance.yahoo.com/v8/finance/chart/PFE?period1=946684800&period2=1790023707&interval=1d&events=div%2Csplit&includeAdjustedClose=true,2026-09-21T20:51:47+00:00,5c7eed9651f459e9ee09b532581fad1ee74478b32041ee56f1b1dd72b5f156ae,757190
raw/yahoo/PG.json.gz,yahoo,PG,https://query2.finance.yahoo.com/v8/finance/chart/PG?period1=946684800&period2=1790023707&interval=1d&events=div%2Csplit&includeAdjustedClose=true,2026-09-21T20:51:34+00:00,aa591f87545a9c74af3c47182a32178248d5e074fce3788ebd2d5c1cbbae3091,712982
raw/yahoo/PL_EQ_F.json.gz,yahoo,PL=F,https://query2.finance.yahoo.com/v8/finance/chart/PL%3DF?period1=946684800&period2=1790023707&interval=1d&events=div%2Csplit&includeAdjustedClose=true,2026-09-21T20:50:11+00:00,6b01a2f6887541d5c8e76552494e114ead76f499d45b2d089c58e0485f9b9b1d,549018
raw/yahoo/RB_EQ_F.json.gz,yahoo,RB=F,https://query2.finance.yahoo.com/v8/finance/chart/RB%3DF?period1=946684800&period2=1790023707&interval=1d&events=div%2Csplit&includeAdjustedClose=true,2026-09-21T20:50:22+00:00,5a75b92ae460a237c1efef8cb2518a7066e0470bb641911bd1b982b4987d26e0,718130
raw/yahoo/RELIANCE.NS.json.gz,yahoo,RELIANCE.NS,https://query2.finance.yahoo.com/v8/finance/chart/RELIANCE.NS?period1=946684800&period2=1790023707&interval=1d&events=div%2Csplit&includeAdjustedClose=true,2026-09-21T20:52:38+00:00,75ddc638c1f22fe52c944ffdb158a8bb0d40505aefd59f1c3dcfb1ca26c66f8f,730834
raw/yahoo/RY.TO.json.gz,yahoo,RY.TO,https://query2.finance.yahoo.com/v8/finance/chart/RY.TO?period1=946684800&period2=1790023707&interval=1d&events=div%2Csplit&includeAdjustedClose=true,2026-09-21T20:52:47+00:00,de0ad39a16d23751eed501ee0f8caa4c2adf2b697a7408c69d8c1641463492c0,710421
raw/yahoo/SAN.PA.json.gz,yahoo,SAN.PA,https://query2.finance.yahoo.com/v8/finance/chart/SAN.PA?period1=946684800&period2=1790023707&interval=1d&events=div%2Csplit&includeAdjustedClose=true,2026-09-21T20:52:13+00:00,d520e9bb3d60232e41a7e1799ae8eda4e43eed06fbda4020157d8946be4a6c08,746793
raw/yahoo/SAP.DE.json.gz,yahoo,SAP.DE,https://query2.finance.yahoo.com/v8/finance/chart/SAP.DE?period1=946684800&period2=1790023707&interval=1d&events=div%2Csplit&includeAdjustedClose=true,2026-09-21T20:52:01+00:00,4a0297126c73b300a4bc039210c5664a345b23e1479f501516633dd66e505271,715453
raw/yahoo/SB_EQ_F.json.gz,yahoo,SB=F,https://query2.finance.yahoo.com/v8/finance/chart/SB%3DF?period1=946684800&period2=1790023707&interval=1d&events=div%2Csplit&includeAdjustedClose=true,2026-09-21T20:50:31+00:00,ac1bbbd0803983b2bac6a46086ad660507cef0744636b5d1582eb5f9ccba9815,710060
raw/yahoo/SHEL.L.json.gz,yahoo,SHEL.L,https://query2.finance.yahoo.com/v8/finance/chart/SHEL.L?period1=946684800&period2=1790023707&interval=1d&events=div%2Csplit&includeAdjustedClose=true,2026-09-21T20:52:17+00:00,e4a1705b8b923f3f865d18a1ff9d2a9452800ea0e3b31d09e23d526fb27139a3,518463
raw/yahoo/SHY.json.gz,yahoo,SHY,https://query2.finance.yahoo.com/v8/finance/chart/SHY?period1=946684800&period2=1790023707&interval=1d&events=div%2Csplit&includeAdjustedClose=true,2026-09-21T20:49:45+00:00,3d7819f774c944b6df2d7a236c1b89a9598ecd7b11f712c860074afb5c97a65b,656058
raw/yahoo/SIE.DE.json.gz,yahoo,SIE.DE,https://query2.finance.yahoo.com/v8/finance/chart/SIE.DE?period1=946684800&period2=1790023707&interval=1d&events=div%2Csplit&includeAdjustedClose=true,2026-09-21T20:52:03+00:00,7b42dee6845516dc54232c7a3e4fd6a70a66b39630a0517ca70e8c4912a5207d,742342
raw/yahoo/SI_EQ_F.json.gz,yahoo,SI=F,https://query2.finance.yahoo.com/v8/finance/chart/SI%3DF?period1=946684800&period2=1790023707&interval=1d&events=div%2Csplit&includeAdjustedClose=true,2026-09-21T20:50:07+00:00,e1d392e78ea2791a25511a599712b6ca4410f04fced2b00c64ee525ca3bd9b74,688982
raw/yahoo/TCS.NS.json.gz,yahoo,TCS.NS,https://query2.finance.yahoo.com/v8/finance/chart/TCS.NS?period1=946684800&period2=1790023707&interval=1d&events=div%2Csplit&includeAdjustedClose=true,2026-09-21T20:52:39+00:00,f6267862ca0cffc0bfbd25cb64b0e86041108002442f2e0084f7cd7244b53c41,539714
raw/yahoo/TD.TO.json.gz,yahoo,TD.TO,https://query2.finance.yahoo.com/v8/finance/chart/TD.TO?period1=946684800&period2=1790023707&interval=1d&events=div%2Csplit&includeAdjustedClose=true,2026-09-21T20:52:49+00:00,e3760ee50d1ca718d833c938369ee77c6546f121f30ba23357732d10747a5596,712123
raw/yahoo/TIP.json.gz,yahoo,TIP,https://query2.finance.yahoo.com/v8/finance/chart/TIP?period1=946684800&period2=1790023707&interval=1d&events=div%2Csplit&includeAdjustedClose=true,2026-09-21T20:49:53+00:00,ba171300478e55941a77d475a219e613c0f3feeab6ba053188b3042d085dbc2b,634288
raw/yahoo/TLT.json.gz,yahoo,TLT,https://query2.finance.yahoo.com/v8/finance/chart/TLT?period1=946684800&period2=1790023707&interval=1d&events=div%2Csplit&includeAdjustedClose=true,2026-09-21T20:49:41+00:00,0ead34b19d9dfe6b50d6560802dfb5c5212ef52cdbe6b188f2087505b052b29b,672057
raw/yahoo/TTE.PA.json.gz,yahoo,TTE.PA,https://query2.finance.yahoo.com/v8/finance/chart/TTE.PA?period1=946684800&period2=1790023707&interval=1d&events=div%2Csplit&includeAdjustedClose=true,2026-09-21T20:52:11+00:00,6cd5e0099022f0e4c8f7c21bbc284353c6a231ea9ac54f3aae7b10b590e8ff7c,722703
raw/yahoo/ULVR.L.json.gz,yahoo,ULVR.L,https://query2.finance.yahoo.com/v8/finance/chart/ULVR.L?period1=946684800&period2=1790023707&interval=1d&events=div%2Csplit&includeAdjustedClose=true,2026-09-21T20:52:24+00:00,799bb97c6044464c6fbff8700b826a3e8811d4082f3a5af1fb381062f0c9bcb5,707660
raw/yahoo/USDBRL_EQ_X.json.gz,yahoo,USDBRL=X,https://query2.finance.yahoo.com/v8/finance/chart/USDBRL%3DX?period1=946684800&period2=1790023707&interval=1d&events=div%2Csplit&includeAdjustedClose=true,2026-09-21T20:51:04+00:00,be5bedd6662af7630327f3290df3a4ab99f51807cec44f9b2f38e63a990e7982,596141
raw/yahoo/USDCAD_EQ_X.json.gz,yahoo,USDCAD=X,https://query2.finance.yahoo.com/v8/finance/chart/USDCAD%3DX?period1=946684800&period2=1790023707&interval=1d&events=div%2Csplit&includeAdjustedClose=true,2026-09-21T20:50:49+00:00,37c25e6f0108e70ca250ee0bebdc5b34c25e823b4ac4cb2f515d741785f26e50,641048
raw/yahoo/USDCHF_EQ_X.json.gz,yahoo,USDCHF=X,https://query2.finance.yahoo.com/v8/finance/chart/USDCHF%3DX?period1=946684800&period2=1790023707&interval=1d&events=div%2Csplit&includeAdjustedClose=true,2026-09-21T20:50:51+00:00,cc45434881084dd69c6965ba2c47ec9f4302a665354cf34cbd47e9d162c09a49,643110
raw/yahoo/USDINR_EQ_X.json.gz,yahoo,USDINR=X,https://query2.finance.yahoo.com/v8/finance/chart/USDINR%3DX?period1=946684800&period2=1790023707&interval=1d&events=div%2Csplit&includeAdjustedClose=true,2026-09-21T20:51:02+00:00,2acb273d66d29016d773d015e3e2e6daf3a2171c472ff6487162f44446c686e1,605840
raw/yahoo/USDJPY_EQ_X.json.gz,yahoo,USDJPY=X,https://query2.finance.yahoo.com/v8/finance/chart/USDJPY%3DX?period1=946684800&period2=1790023707&interval=1d&events=div%2Csplit&includeAdjustedClose=true,2026-09-21T20:50:45+00:00,25b7f1dc7e7051779e4b23d664244c3ac8f08928b7acb7fd605b0614d307f6d9,728384
raw/yahoo/USDKRW_EQ_X.json.gz,yahoo,USDKRW=X,https://query2.finance.yahoo.com/v8/finance/chart/USDKRW%3DX?period1=946684800&period2=1790023707&interval=1d&events=div%2Csplit&includeAdjustedClose=true,2026-09-21T20:51:12+00:00,77bc80890551c85a1db3d3776c236c64bc39870ab5e8e71e892f7ccaba310c8e,577698
raw/yahoo/USDMXN_EQ_X.json.gz,yahoo,USDMXN=X,https://query2.finance.yahoo.com/v8/finance/chart/USDMXN%3DX?period1=946684800&period2=1790023707&interval=1d&events=div%2Csplit&includeAdjustedClose=true,2026-09-21T20:51:06+00:00,bdab51323fb0a0066f4dfc53298bfc2658942423a1d4a93b86adbe843511c59a,632612
raw/yahoo/USDSGD_EQ_X.json.gz,yahoo,USDSGD=X,https://query2.finance.yahoo.com/v8/finance/chart/USDSGD%3DX?period1=946684800&period2=1790023707&interval=1d&events=div%2Csplit&includeAdjustedClose=true,2026-09-21T20:51:10+00:00,4c6f994c976524abc521f8cce15a709fe89bec012f5f5a06729378539ac13dc0,634583
raw/yahoo/USDTRY_EQ_X.json.gz,yahoo,USDTRY=X,https://query2.finance.yahoo.com/v8/finance/chart/USDTRY%3DX?period1=946684800&period2=1790023707&interval=1d&events=div%2Csplit&includeAdjustedClose=true,2026-09-21T20:51:14+00:00,61ad2aecc82d9474957b2fca83e64511d0fac434ccd97f750693a3c08a9895d8,596787
raw/yahoo/USDZAR_EQ_X.json.gz,yahoo,USDZAR=X,https://query2.finance.yahoo.com/v8/finance/chart/USDZAR%3DX?period1=946684800&period2=1790023707&interval=1d&events=div%2Csplit&includeAdjustedClose=true,2026-09-21T20:51:08+00:00,8efbbf6d2c50d248dbff36bb9306b6f5a393aa2fa3d9a466fc7e15c826b61d2c,623580
raw/yahoo/VALE3.SA.json.gz,yahoo,VALE3.SA,https://query2.finance.yahoo.com/v8/finance/chart/VALE3.SA?period1=946684800&period2=1790023707&interval=1d&events=div%2Csplit&includeAdjustedClose=true,2026-09-21T20:52:52+00:00,c8c3694cc521361b43831711c7a6a2b7a673cb93104591f541a0fd9225ff572c,706142
raw/yahoo/WMT.json.gz,yahoo,WMT,https://query2.finance.yahoo.com/v8/finance/chart/WMT?period1=946684800&period2=1790023707&interval=1d&events=div%2Csplit&includeAdjustedClose=true,2026-09-21T20:51:38+00:00,b2b78ca7fd7f876359768d6a4416b95c561efe96c339b5defb972bda6154cc91,750686
raw/yahoo/XLB.json.gz,yahoo,XLB,https://query2.finance.yahoo.com/v8/finance/chart/XLB?period1=946684800&period2=1790023707&interval=1d&events=div%2Csplit&includeAdjustedClose=true,2026-09-21T20:49:07+00:00,ce422021575c49e44b856d8b812d1d37d198033e8b0d0b2c66563306803644f7,734493
raw/yahoo/XLE.json.gz,yahoo,XLE,https://query2.finance.yahoo.com/v8/finance/chart/XLE?period1=946684800&period2=1790023707&interval=1d&events=div%2Csplit&includeAdjustedClose=true,2026-09-21T20:49:09+00:00,7d901060b2bafb18b0ff50ef81b8d954e4b11fb608fd531b3c08f0b21947e918,730861
raw/yahoo/XLF.json.gz,yahoo,XLF,https://query2.finance.yahoo.com/v8/finance/chart/XLF?period1=946684800&period2=1790023707&interval=1d&events=div%2Csplit&includeAdjustedClose=true,2026-09-21T20:49:10+00:00,d0b3401752d329cf11ba354898d9ebc3ac8ffc19149dfacc0f05ca30885e4f1c,756938
raw/yahoo/XLI.json.gz,yahoo,XLI,https://query2.finance.yahoo.com/v8/finance/chart/XLI?period1=946684800&period2=1790023707&interval=1d&events=div%2Csplit&includeAdjustedClose=true,2026-09-21T20:49:12+00:00,ff4792216abb25116bb9c4523b8dd59876f0da4c6517cf96fc472de848cf22b3,722656
raw/yahoo/XLK.json.gz,yahoo,XLK,https://query2.finance.yahoo.com/v8/finance/chart/XLK?period1=946684800&period2=1790023707&interval=1d&events=div%2Csplit&includeAdjustedClose=true,2026-09-21T20:49:14+00:00,664c4a9cfaf799c9ce666bc5f5f9ab52abc14df03a7006ab4f71b5313e99a9ff,727549
raw/yahoo/XLP.json.gz,yahoo,XLP,https://query2.finance.yahoo.com/v8/finance/chart/XLP?period1=946684800&period2=1790023707&interval=1d&events=div%2Csplit&includeAdjustedClose=true,2026-09-21T20:49:15+00:00,3a9b0547958fb22217d70258ca8a1661335aaaff79e8071502384de2a23d5bcf,723787
raw/yahoo/XLU.json.gz,yahoo,XLU,https://query2.finance.yahoo.com/v8/finance/chart/XLU?period1=946684800&period2=1790023707&interval=1d&events=div%2Csplit&includeAdjustedClose=true,2026-09-21T20:49:17+00:00,0d372b7222d4c5f3230ff80fe839a5458ccc9cebb2e679f548cd44925937d12c,733949
raw/yahoo/XLV.json.gz,yahoo,XLV,https://query2.finance.yahoo.com/v8/finance/chart/XLV?period1=946684800&period2=1790023707&interval=1d&events=div%2Csplit&includeAdjustedClose=true,2026-09-21T20:49:18+00:00,c118a636c03a0002fdf36cb71d8dffbad7676f3199848fd9c257b57947e18633,722874
raw/yahoo/XLY.json.gz,yahoo,XLY,https://query2.finance.yahoo.com/v8/finance/chart/XLY?period1=946684800&period2=1790023707&interval=1d&events=div%2Csplit&includeAdjustedClose=true,2026-09-21T20:49:20+00:00,32e17d104799ff969b2bfc028109f3cb2ef062f69c0725cda16121725b1f382a,728839
raw/yahoo/XOM.json.gz,yahoo,XOM,https://query2.finance.yahoo.com/v8/finance/chart/XOM?period1=946684800&period2=1790023707&interval=1d&events=div%2Csplit&includeAdjustedClose=true,2026-09-21T20:51:30+00:00,c2979f2bbee13e144f80bd91b4457bb1207e63923584d4745202979236111a2f,715278
raw/yahoo/XRP-USD.json.gz,yahoo,XRP-USD,https://query2.finance.yahoo.com/v8/finance/chart/XRP-USD?period1=946684800&period2=1790023707&interval=1d&events=div%2Csplit&includeAdjustedClose=true,2026-09-21T20:51:21+00:00,4819ad3f9ff2dc595731bd7ed3cee9908bb296e0fb415d77b947416660da2ac8,380443
raw/yahoo/ZB_EQ_F.json.gz,yahoo,ZB=F,https://query2.finance.yahoo.com/v8/finance/chart/ZB%3DF?period1=946684800&period2=1790023707&interval=1d&events=div%2Csplit&includeAdjustedClose=true,2026-09-21T20:50:01+00:00,ca205edb0dbc07222aa314dbe173342f95722dab7e48e56c77e2ec1f95816941,450062
raw/yahoo/ZC_EQ_F.json.gz,yahoo,ZC=F,https://query2.finance.yahoo.com/v8/finance/chart/ZC%3DF?period1=946684800&period2=1790023707&interval=1d&events=div%2Csplit&includeAdjustedClose=true,2026-09-21T20:50:24+00:00,d6047333bf6dfbc481b642f824b96e43f5b1495a196f2e87aee7c2837e3a502f,326336
raw/yahoo/ZF_EQ_F.json.gz,yahoo,ZF=F,https://query2.finance.yahoo.com/v8/finance/chart/ZF%3DF?period1=946684800&period2=1790023707&interval=1d&events=div%2Csplit&includeAdjustedClose=true,2026-09-21T20:50:03+00:00,d3319d0c1838687afa8d64232a5302998c610f1d26e13503d58ecf6905ad9c2f,505449
raw/yahoo/ZN_EQ_F.json.gz,yahoo,ZN=F,https://query2.finance.yahoo.com/v8/finance/chart/ZN%3DF?period1=946684800&period2=1790023707&interval=1d&events=div%2Csplit&includeAdjustedClose=true,2026-09-21T20:49:59+00:00,c948d768d598b21f4381dfe5fa9c886d928b93ff69da2101adbeb6a7f01f78fe,485133
raw/yahoo/ZS_EQ_F.json.gz,yahoo,ZS=F,https://query2.finance.yahoo.com/v8/finance/chart/ZS%3DF?period1=946684800&period2=1790023707&interval=1d&events=div%2Csplit&includeAdjustedClose=true,2026-09-21T20:50:28+00:00,6272f0c2c690f126415dbd8400b0d798d0f272409eef8e379b27b60fc25f20ea,336390
raw/yahoo/ZW_EQ_F.json.gz,yahoo,ZW=F,https://query2.finance.yahoo.com/v8/finance/chart/ZW%3DF?period1=946684800&period2=1790023707&interval=1d&events=div%2Csplit&includeAdjustedClose=true,2026-09-21T20:50:26+00:00,c5f12db788cc64c8843a4e72e61013176509954bf8805b1a3ff177be078088b7,322133
