strategy,market,seconds,n_trades,n_variants,skipped
ts_momentum,equity_indices,1087.2,23454,20,
donchian,equity_indices,1154.3,74197,20,
rsi2_reversion,equity_indices,1173.2,62492,20,
donchian,stocks_intl,1189.8,96888,20,
ts_momentum,stocks_intl,1240.5,29593,20,
rsi2_reversion,stocks_intl,1293.9,73540,20,
sma_cross,equity_indices,1310.9,16944,20,
sma_cross,stocks_intl,1526.4,22019,20,
jma_trend,stocks_us,1597.5,69645,20,
donchian,stocks_us,692.1,56600,20,
ts_momentum,stocks_us,705.3,16835,20,
jma_trend,equity_indices,1883.3,99278,20,
sma_cross,stocks_us,831.6,13038,20,
rsi2_reversion,stocks_us,761.5,42814,20,
jma_trend,stocks_intl,2104.3,117916,20,
sma_cross,equity_etfs,836.0,12364,20,
donchian,equity_etfs,603.3,56496,20,
sma_cross,commodities,741.2,13046,20,
jma_trend,equity_etfs,1157.4,71210,20,
ts_momentum,equity_etfs,543.7,16909,20,
ts_momentum,commodities,566.5,18376,20,
donchian,commodities,603.3,56881,20,
jma_trend,commodities,1212.0,71116,20,
rsi2_reversion,commodities,591.4,40667,20,
rsi2_reversion,equity_etfs,629.2,41825,20,
donchian,fx,462.4,29950,20,
jma_trend,crypto,175.9,7618,20,regime_linearity/F2008: no eligible pre-split training rows; meta_label/F2008: no resolved pre-split trades to meta-label; position_sizing/F2008: no resolved pre-split trades to meta-label; entry/F2008: no eligible pre-split training rows; exit/F2008: no eligible pre-split training rows; best_combined/F2008: no resolved pre-split trades to meta-label; meta_label_thr045/F2008: no resolved pre-split trades to meta-label; meta_label_thr055/F2008: no resolved pre-split trades to meta-label; meta_label_small_model/F2008: no resolved pre-split trades to meta-label; exit_small_model/F2008: no eligible pre-split training rows
sma_cross,fx,596.8,10435,20,
sma_cross,crypto,100.4,1907,19,regime_linearity/F2008: no eligible pre-split training rows; meta_label/F2008: no resolved pre-split trades to meta-label; position_sizing/F2008: no resolved pre-split trades to meta-label; entry/F2008: no eligible pre-split training rows; exit/F2008: no eligible pre-split training rows; best_combined/F2008: no resolved pre-split trades to meta-label; meta_label_thr045/F2008: no resolved pre-split trades to meta-label; meta_label_thr055/F2008: no resolved pre-split trades to meta-label; meta_label_small_model/F2008: no resolved pre-split trades to meta-label; exit_small_model/F2008: no eligible pre-split training rows; meta_label_thr055/F2018: no trades
donchian,fixed_income,337.1,29513,20,
ts_momentum,fx,527.3,15166,20,
donchian,crypto,99.2,4581,20,regime_linearity/F2008: no eligible pre-split training rows; meta_label/F2008: no resolved pre-split trades to meta-label; position_sizing/F2008: no resolved pre-split trades to meta-label; entry/F2008: no eligible pre-split training rows; exit/F2008: no eligible pre-split training rows; best_combined/F2008: no resolved pre-split trades to meta-label; meta_label_thr045/F2008: no resolved pre-split trades to meta-label; meta_label_thr055/F2008: no resolved pre-split trades to meta-label; meta_label_small_model/F2008: no resolved pre-split trades to meta-label; exit_small_model/F2008: no eligible pre-split training rows
sma_cross,fixed_income,375.8,6085,20,
ts_momentum,crypto,89.1,1715,19,regime_linearity/F2008: no eligible pre-split training rows; meta_label/F2008: no resolved pre-split trades to meta-label; position_sizing/F2008: no resolved pre-split trades to meta-label; entry/F2008: no eligible pre-split training rows; exit/F2008: no eligible pre-split training rows; best_combined/F2008: no resolved pre-split trades to meta-label; meta_label_thr045/F2008: no resolved pre-split trades to meta-label; meta_label_thr055/F2008: no resolved pre-split trades to meta-label; meta_label_small_model/F2008: no resolved pre-split trades to meta-label; exit_small_model/F2008: no eligible pre-split training rows; meta_label_thr055/F2018: no trades
ts_momentum,fixed_income,330.4,8293,20,
rsi2_reversion,crypto,80.1,3942,14,regime_linearity/F2008: no eligible pre-split training rows; meta_label/F2008: no resolved pre-split trades to meta-label; position_sizing/F2008: no resolved pre-split trades to meta-label; entry/F2008: no eligible pre-split training rows; exit/F2008: no eligible pre-split training rows; best_combined/F2008: no resolved pre-split trades to meta-label; meta_label_thr045/F2008: no resolved pre-split trades to meta-label; meta_label_thr055/F2008: no resolved pre-split trades to meta-label; meta_label_small_model/F2008: no resolved pre-split trades to meta-label; exit_small_model/F2008: no eligible pre-split training rows; meta_label/F2018: no trades; best_combined/F2018: no trades; best_combined@optimistic_stop_fill/F2018: no trades; best_combined@one_day_lag/F2018: no trades; meta_label_thr055/F2018: no trades; meta_label_small_model/F2018: no trades
rsi2_reversion,fx,469.0,31341,20,
rsi2_reversion,fixed_income,326.2,21772,20,
jma_trend,fixed_income,517.0,35835,20,
jma_trend,fx,835.8,55701,20,
