component,variant,market,window,n_trades,baseline_sharpe,variant_sharpe,delta_sharpe,deflated_sharpe,bootstrap_ci_lo,bootstrap_ci_hi,significant
ML Regime Filter,Rule-based ADX gate,commodities,forward,41,4.172319684574302,0.9415977223225176,-3.2307219622517844,0.325056596228067,-0.807,0.153,False
ML Regime Filter,ML regime (linearity label),commodities,forward,26,4.172319684574302,3.4981335193584213,-0.6741861652158807,0.7233646580688743,-0.662,0.345,False
ML Regime Filter,ML regime (excursion label),commodities,forward,36,4.172319684574302,5.798350343268086,1.626030658693784,0.9755929780819004,-0.254,0.461,False
ML Regime Filter,ML regime (move-size label),commodities,forward,38,4.172319684574302,-3.4808872953397723,-7.653206979914074,0.0319770452693997,-1.229,-0.048,True
ML Regime Filter,Rule-based ADX gate,commodities,holdout,193,2.723133729704876,3.266415023224057,0.5432812935191813,0.9981224824385184,-0.126,0.184,False
ML Regime Filter,ML regime (linearity label),commodities,holdout,142,2.723133729704876,2.183229265064368,-0.5399044646405078,0.884690212004268,-0.229,0.131,False
ML Regime Filter,ML regime (excursion label),commodities,holdout,243,2.723133729704876,1.566164517041338,-1.1569692126635378,0.8194000379718074,-0.233,0.076,False
ML Regime Filter,ML regime (move-size label),commodities,holdout,172,2.723133729704876,1.076947715406096,-1.6461860142987799,0.5445964583838516,-0.296,0.069,False
ML Regime Filter,Rule-based ADX gate,forex_4pair,holdout,133,5.531066834659884,4.50810576539585,-1.022961069264034,0.997280236863972,-0.284,0.147,False
ML Regime Filter,ML regime (linearity label),forex_4pair,holdout,147,5.531066834659884,0.3262488148753101,-5.204818019784574,0.3129001078225445,-0.561,-0.117,True
ML Regime Filter,ML regime (excursion label),forex_4pair,holdout,155,5.531066834659884,0.8741077382096903,-4.656959096450194,0.4765857415225589,-0.507,-0.076,True
ML Regime Filter,ML regime (move-size label),forex_4pair,holdout,165,5.531066834659884,0.754393912110469,-4.776672922549415,0.4545004057215712,-0.533,-0.084,True
ML Regime Filter,Rule-based ADX gate,indian_equities,forward,179,2.4953947239006777,1.481876339399466,-1.0135183845012117,0.6614538430544743,-0.27,0.148,False
ML Regime Filter,ML regime (linearity label),indian_equities,forward,310,2.4953947239006777,-0.3950250730298377,-2.8904197969305154,0.1327731833328449,-0.399,0.021,False
ML Regime Filter,ML regime (excursion label),indian_equities,forward,297,2.4953947239006777,1.982238754166052,-0.5131559697346257,0.8950512107264805,-0.224,0.154,False
ML Regime Filter,ML regime (move-size label),indian_equities,forward,238,2.4953947239006777,1.7115078975198696,-0.7838868263808081,0.7870567153496487,-0.25,0.147,False
ML Regime Filter,Rule-based ADX gate,indian_equities,holdout,496,2.842491679515012,2.2090661662976743,-0.6334255132173379,0.9886322772629376,-0.179,0.08,False
ML Regime Filter,ML regime (linearity label),indian_equities,holdout,487,2.842491679515012,3.076894102540185,0.2344024230251729,0.9998924680019196,-0.109,0.124,False
ML Regime Filter,ML regime (excursion label),indian_equities,holdout,509,2.842491679515012,1.8288161384202324,-1.0136755410947798,0.9709125428715376,-0.2,0.045,False
ML Regime Filter,ML regime (move-size label),indian_equities,holdout,500,2.842491679515012,1.9485581774369367,-0.8939335020780754,0.9566124424741836,-0.195,0.061,False
ML Meta-Labeling,ML meta-label filter,commodities,forward,37,4.172319684574302,5.007165756357153,0.8348460717828514,0.9972630083086008,-0.313,0.414,False
ML Meta-Labeling,ML meta-label filter,commodities,holdout,170,2.723133729704876,3.391384332795864,0.6682506030909883,0.999881311875281,-0.123,0.19,False
ML Meta-Labeling,ML meta-label filter,forex_4pair,holdout,118,5.531066834659884,1.342073983967176,-4.188992850692708,0.8539020892654487,-0.512,-0.049,True
ML Meta-Labeling,ML meta-label filter,indian_equities,forward,192,1.051808596177301,2.895687987614359,1.843879391437058,0.9970192103629612,-0.08,0.307,False
ML Meta-Labeling,ML meta-label filter,indian_equities,holdout,515,2.842491679515012,3.8856167405827313,1.0431250610677192,0.9999999988637674,-0.059,0.169,False
ML Entry,ML entry (replaces jma_signals),commodities,forward,65,4.172319684574302,2.0015219998785745,-2.1707976846957275,0.8573502485236286,-0.53,0.206,False
ML Entry,ML entry (replaces jma_signals),commodities,holdout,335,2.723133729704876,1.6641480436620786,-1.0589856860427973,0.9858091419862656,-0.21,0.083,False
ML Entry,ML entry (replaces jma_signals),forex_4pair,holdout,243,5.531066834659884,1.0749906457112344,-4.45607618894865,0.8862957584189988,-0.484,-0.099,True
ML Entry,ML entry (replaces jma_signals),indian_equities,forward,268,1.051808596177301,2.5855345380696915,1.5337259418923905,0.9967261518298268,-0.093,0.275,False
ML Entry,ML entry (replaces jma_signals),indian_equities,holdout,837,2.842491679515012,2.019979841307535,-0.8225118382074772,0.9997011214025396,-0.175,0.051,False
ML Exit,ML exit (replaces ATR stop/target),commodities,forward,113,4.172319684574302,-3.04268709736093,-7.215006781935232,0.0306503023975307,-0.749,-0.119,True
ML Exit,ML exit (replaces ATR stop/target),commodities,holdout,610,2.723133729704876,0.2520034360263561,-2.4711302936785198,0.6945627611864678,-0.278,-0.005,True
ML Exit,ML exit (replaces ATR stop/target),forex_4pair,holdout,596,5.531066834659884,-0.952173253996542,-6.4832400886564265,0.203876592889705,-0.558,-0.214,True
ML Exit,ML exit (replaces ATR stop/target),indian_equities,forward,915,1.051808596177301,1.1411258109155027,0.08931721473820176,0.9460283906393216,-0.154,0.191,False
ML Exit,ML exit (replaces ATR stop/target),indian_equities,holdout,1388,2.842491679515012,-0.2362715137621094,-3.0787631932771213,0.4442851412366559,-0.31,-0.08,True
ML Position Sizing,ML position sizing (re-weighted trades),commodities,forward,44,4.172319684574302,3.13543616152321,-1.0368835230510922,0.9694258059138646,-0.444,0.289,False
ML Position Sizing,ML position sizing (re-weighted trades),commodities,holdout,247,2.723133729704876,2.886203358181412,0.16306962847653628,0.99995138537814,-0.132,0.153,False
ML Position Sizing,ML position sizing (re-weighted trades),forex_4pair,holdout,141,5.531066834659884,4.505388862706342,-1.0256779719535425,0.9999264447529512,-0.269,0.137,False
ML Position Sizing,ML position sizing (re-weighted trades),indian_equities,forward,287,1.051808596177301,1.4342484380357914,0.38243984185849045,0.9084568113816592,-0.177,0.214,False
ML Position Sizing,ML position sizing (re-weighted trades),indian_equities,holdout,511,2.842491679515012,3.441913302821851,0.599421623306839,0.9999999970065602,-0.067,0.162,False
Combinations,Entry+Exit,commodities,forward,210,4.172319684574302,-2.1393348087902124,-6.3116544933645145,0.1059489358996886,-0.718,-0.07,True
Combinations,Entry+Sizing,commodities,forward,65,4.172319684574302,0.6248131809650939,-3.547506503609208,0.6191034017534479,-0.667,0.136,False
Combinations,Exit+Sizing,commodities,forward,113,4.172319684574302,-2.2757758810552224,-6.448095565629524,0.1232190952206477,-0.736,-0.072,True
Combinations,Best Combined (Meta-Label + Sizing),commodities,forward,37,4.172319684574302,4.666890647424426,0.4945709628501236,0.9974086159499672,-0.337,0.385,False
Combinations,Entry+Exit,commodities,holdout,1420,2.723133729704876,0.0470396077643523,-2.6760941219405234,0.6178640341083025,-0.278,-0.036,True
Combinations,Entry+Sizing,commodities,holdout,335,2.723133729704876,1.396769499189256,-1.3263642305156198,0.9574671713250844,-0.227,0.071,False
Combinations,Exit+Sizing,commodities,holdout,610,2.723133729704876,0.3025799516325606,-2.4205537780723154,0.7226852995457005,-0.281,-0.006,True
Combinations,Best Combined (Meta-Label + Sizing),commodities,holdout,170,2.723133729704876,3.335020849805494,0.6118871201006182,0.9998499937328832,-0.125,0.181,False
Combinations,Entry+Exit,forex_4pair,holdout,1233,5.531066834659884,0.65603743614365,-4.875029398516235,0.977213319437851,-0.453,-0.137,True
Combinations,Entry+Sizing,forex_4pair,holdout,243,5.531066834659884,1.542408766224889,-3.9886580684349955,0.9659464503668128,-0.451,-0.076,True
Combinations,Exit+Sizing,forex_4pair,holdout,596,5.531066834659884,-0.6813389416205815,-6.212405776280466,0.321402595920268,-0.54,-0.201,True
Combinations,Best Combined (Meta-Label + Sizing),forex_4pair,holdout,118,5.531066834659884,1.2562800719727112,-4.274786762687173,0.8309233069236844,-0.514,-0.057,True
Combinations,Entry+Exit,indian_equities,forward,1794,1.051808596177301,-1.28803135345933,-2.339839949636631,0.089448477871109,-0.307,0.042,False
Combinations,Entry+Sizing,indian_equities,forward,290,1.051808596177301,2.8865358973450554,1.8347273011677545,0.999071523068758,-0.061,0.299,False
Combinations,Exit+Sizing,indian_equities,forward,915,1.051808596177301,1.7273446953145497,0.6755360991372488,0.9914278743224632,-0.117,0.231,False
Combinations,Best Combined (Meta-Label + Sizing),indian_equities,forward,197,1.051808596177301,2.698867253677077,1.647058657499776,0.9938030108924888,-0.087,0.293,False
Combinations,Entry+Exit,indian_equities,holdout,3420,2.842491679515012,-0.127641344179213,-2.970133023694225,0.5860916106130304,-0.285,-0.071,True
Combinations,Entry+Sizing,indian_equities,holdout,756,2.842491679515012,2.000536727630826,-0.841954951884186,0.9995875609972606,-0.171,0.054,False
Combinations,Exit+Sizing,indian_equities,holdout,1279,2.842491679515012,0.3578496211267639,-2.484642058388248,0.7731838997379298,-0.273,-0.051,True
Combinations,Best Combined (Meta-Label + Sizing),indian_equities,holdout,527,2.842491679515012,4.0052461814031215,1.1627545018881094,0.99999999981083,-0.05,0.176,False
