n_trades,sharpe,cagr,max_drawdown,calmar,annual_vol,n_days,sized_max_drawdown,deflated_sharpe,market,variant,window,bootstrap_ci_vs_baseline
141,5.531066834659884,17.475231601961028,-0.1091936454781105,160.03890634335676,0.5453232451997486,123,-0.09448514179690509,0.9999992251408459,forex_4pair,baseline,holdout,
141,4.505388862706342,6.9741317319755876,-0.11477454749442229,60.76374844618325,0.473488447826835,123,-0.10535821638476395,0.9999264447529512,forex_4pair,ml_position_sizing,holdout,"[-0.269, 0.137]"
247,2.723133729704876,26.131279120865866,-0.5634973769668092,46.373382004944155,1.592818405395537,215,-0.13144740121183746,0.999433401463224,commodities,baseline,holdout,
247,2.886203358181412,59.29887565309004,-0.5397352183964195,109.86660427546305,1.8981645734066184,215,-0.16723973188121888,0.9999513853781399,commodities,ml_position_sizing,holdout,"[-0.132, 0.153]"
44,4.172319684574302,4164.368296259197,-0.3605002072762479,11551.639117555575,2.679347373943223,38,-0.05422574180733511,0.989008066221519,commodities,baseline,forward,
44,3.13543616152321,1123.668538571889,-0.4208648433661748,2669.90354809522,3.6049012559854123,38,-0.06237412893968159,0.9694258059138646,commodities,ml_position_sizing,forward,"[-0.444, 0.289]"
514,2.8424916795150117,66.6243628685371,-0.693981261104339,96.00311507333372,1.939438171721877,284,-0.1252510930543147,0.9999994456084434,indian_equities,baseline,holdout,
511,3.441913302821851,264.093565685981,-0.5835393263579934,452.57200972940626,2.02059946549448,296,-0.12472037260134507,0.9999999970065602,indian_equities,ml_position_sizing,holdout,"[-0.067, 0.162]"
309,1.051808596177301,0.8404265209326838,-0.6563157048687154,1.280521728640939,0.8500265568533405,177,-0.18269865188345474,0.8376353468265232,indian_equities,baseline,forward,
287,1.4342484380357914,1.509619564844868,-0.585771399038811,2.577147957926922,0.8234077786945617,168,-0.16500391702854714,0.9084568113816593,indian_equities,ml_position_sizing,forward,"[-0.177, 0.214]"
