market,window,variant,kind,n_trades,sharpe,mean_trade_bps,total_return,max_drawdown,baseline_sharpe,delta_sharpe,deflated_sharpe,ci_lo,ci_hi,significant
commodities,holdout,Baseline (rule-based),control,253,1.378765618305158,86.54209387569942,1.6878186239875066,-0.6283540267141969,1.378765618305158,0.0,0.9309263861938097,,,False
commodities,holdout,Rule-based ADX gate,independent,205,1.89025267284306,97.66803861959578,3.0916797572383894,-0.47126643146219316,1.378765618305158,0.511487054537902,0.9751531682433143,-0.13942342180814374,0.2017535994005351,False
commodities,holdout,ML Regime Filter (linearity),independent,148,3.5647897074064283,201.4403630553049,11.207785132313054,-0.41653343013061417,1.378765618305158,2.18602408910127,0.9985980895730538,-0.033725249386216516,0.30055759076322053,False
commodities,holdout,ML Regime Filter (excursion),independent,213,1.5778787755639576,71.92416612069826,1.863558181815261,-0.6007698375340779,1.378765618305158,0.19911315725879963,0.8040901376214604,-0.16328099480681804,0.18162902656193766,False
commodities,holdout,ML Regime Filter (move_size),independent,168,0.5735665294049059,6.2080024961781355,0.11062289095872302,-0.5476705628520071,1.378765618305158,-0.805199088900252,0.3695688712664008,-0.2506427206189966,0.1319740110437026,False
commodities,holdout,ML Meta-Labeling,narrowing,176,2.649601607714339,119.48356948431821,5.257266883161477,-0.36352616282933703,1.378765618305158,1.270835989409181,0.9967684413333843,-0.09133533660501801,0.25458306589748125,False
commodities,holdout,ML Position Sizing,narrowing,253,1.5570375060246924,106.884371112359,2.463704435996892,-0.6891553140503899,1.378765618305158,0.1782718877195344,0.9571473857075229,-0.16323610135454691,0.17931388890865282,False
commodities,holdout,ML Entry,replacing,345,1.2537899442035476,73.73231191380336,2.324528184214389,-0.775277513734324,1.378765618305158,-0.12497567410161037,0.9493300112904379,-0.16171479508045705,0.14463109490452167,False
commodities,holdout,ML Exit,replacing,643,-0.227371423228549,-5.276710341944411,-0.4127775776869489,-0.7328280739987878,1.378765618305158,-1.606137041533707,0.42706563549497245,-0.23488844719905283,0.05431109220961636,False
commodities,holdout,Entry+Exit,combination,1429,-0.28271546696735317,-6.55689393431703,-0.6416704119218143,-0.7740895741503641,1.378765618305158,-1.661481085272511,0.08039077000179073,-0.2273664382156523,0.03998322812370357,False
commodities,holdout,Entry+Sizing,combination,345,1.0397869218834817,58.97992621874388,1.225146774719894,-0.6866004956526925,1.378765618305158,-0.33897869642167633,0.5959313175507267,-0.18132663336885999,0.1377731936897697,False
commodities,holdout,Exit+Sizing,combination,643,0.06657722984084065,3.5271408968012574,-0.11531173722933508,-0.6470049492237198,1.378765618305158,-1.3121883884643173,0.21295121679067813,-0.2190071437087044,0.07028503171146354,False
commodities,holdout,Best Combined (Meta-Label + Sizing),combination,176,2.5679542703291207,168.5823943746809,8.750849574356234,-0.4559423766121865,1.378765618305158,1.1891886520239627,0.9565553043842061,-0.09783443925770999,0.24345758935314415,False
commodities,forward,Baseline (rule-based),control,50,5.46125397602403,559.3713587306711,6.314857063334757,-0.2069296622902157,5.46125397602403,0.0,0.9995289444722668,,,False
commodities,forward,Rule-based ADX gate,independent,40,0.4315797804290752,145.031582721402,-0.11857059551849758,-0.41866854918074725,5.46125397602403,-5.029674195594954,0.5677742406286337,-1.0163938560226822,0.029937654061761704,False
commodities,forward,ML Regime Filter (linearity),independent,25,1.9468219737727992,163.93650254025053,0.25869608577171865,-0.2812212393928837,5.46125397602403,-3.5144320022512305,0.4368224011083385,-0.8791070767438529,0.12312763748120346,False
commodities,forward,ML Regime Filter (excursion),independent,32,7.595046402137452,715.5669075801629,5.301323752779596,-0.14309595270704645,5.46125397602403,2.1337924261134225,0.9979097719583713,-0.19177523736584723,0.47246992380171654,False
commodities,forward,ML Regime Filter (move_size),independent,24,7.089765509985496,601.4761848845848,2.181463692184014,-0.1402071050001924,5.46125397602403,1.6285115339614666,0.9672427554924092,-0.29498967798119435,0.48339964125602786,False
commodities,forward,ML Meta-Labeling,narrowing,33,4.987089766488123,570.2433126016498,2.938344869532962,-0.21836402593604642,5.46125397602403,-0.4741642095359069,0.9983306750905317,-0.3560240715964071,0.2977874560006992,False
commodities,forward,ML Position Sizing,narrowing,50,4.32956936098089,530.2003085091707,4.829443751115753,-0.2902333444566626,5.46125397602403,-1.1316846150431399,0.9981315279432612,-0.3912216431080314,0.21605184990747978,False
commodities,forward,ML Entry,replacing,75,1.9567279837229719,280.3884202633117,0.7759423286941123,-0.5050068905167988,5.46125397602403,-3.504525992301058,0.869769696720755,-0.5614031345080117,0.06849673014129389,False
commodities,forward,ML Exit,replacing,122,-0.7026104032982446,-21.31709647501485,-0.35182752373988213,-0.602370303839502,5.46125397602403,-6.163864379322274,0.351482836565051,-0.6975679114882661,-0.10359800720816806,True
commodities,forward,Entry+Exit,combination,240,-1.7300332741335462,-61.18911002754417,-0.7084940291903301,-0.7405655354162932,5.46125397602403,-7.1912872501575755,0.01254101570705721,-0.7250880751226885,-0.15890308857727056,True
commodities,forward,Entry+Sizing,combination,75,-0.39405257358872914,66.97089559029897,-0.3454680116981991,-0.5464122415080898,5.46125397602403,-5.8553065496127585,0.11167800702852831,-0.7773674697359855,-0.06077412757333757,True
commodities,forward,Exit+Sizing,combination,122,0.013641477913736218,-0.08458701771591667,-0.09689799830190038,-0.44202952272686047,5.46125397602403,-5.447612498110294,0.1585193509070047,-0.6767137463639491,-0.07157386299893245,True
commodities,forward,Best Combined (Meta-Label + Sizing),combination,33,4.53607587276665,700.9663158165712,3.6806781576687575,-0.24141220492948523,5.46125397602403,-0.9251781032573794,0.9617078316208637,-0.39033788223048554,0.2595031473527099,False
