market,freeze,days,ann_return,ann_vol,sharpe,sortino,max_drawdown,calmar,var95,cvar95,skew,excess_kurtosis,turnover,exposure,deflated_sharpe
equity_indices,F2008,2607,0.07085073157617705,0.14619636784196643,0.5414964925690682,0.669320552562374,-0.4843632601685889,0.1462760233951612,0.013850926767225866,0.02267288799268107,-0.27402378396335764,8.384427254730562,0.0,1.0,0.9582443663618317
equity_indices,F2018,2277,0.11664554523391502,0.11874766291028277,0.9890834182710581,1.1125915700509654,-0.3330396985981896,0.3502451681432944,0.01028369348264119,0.01798069018459957,-1.4130941838569087,18.690848317423796,0.0,1.0,0.9976266348763655
equity_etfs,F2008,2518,0.058104357451290944,0.2221396268407877,0.3652004597191434,0.4539656429649837,-0.5480803481311234,0.10601430547440462,0.01995689344786383,0.03454485204256166,0.22735607038735095,13.428450554263325,0.0,1.0,0.8761640045078349
equity_etfs,F2018,2191,0.11083225046900114,0.18030506249356607,0.673847882639494,0.8124873118194126,-0.3794014325684002,0.2921239641050111,0.01596405609805035,0.026618170648663685,-0.8433981014197145,18.948178246225755,0.0,1.0,0.9739928360072738
fixed_income,F2008,2518,0.04049049192722887,0.05248911599598544,0.7824977988455815,1.1133699799753358,-0.0944431171119734,0.42872888110228974,0.0051446029787184456,0.007465733211999125,-0.1411311043237412,4.475469965068481,0.0,1.0,0.9930462785684012
fixed_income,F2018,2194,0.006689985336949755,0.06166880111750397,0.13896464670360842,0.19307395231043195,-0.2153131100263378,0.031070961429758803,0.006213906583075532,0.009021186187069102,-0.2609411368298968,5.472175333259692,0.0,1.0,0.6588939002653516
commodities,F2008,2516,0.03552284518664539,0.1710570844825148,0.2897089110830991,0.39846137876659166,-0.5247761326235494,0.06769142683577012,0.01684608077349958,0.025408219616626305,-0.19780273638919735,3.9741098092788523,0.0,1.0,0.8194725653042249
commodities,F2018,2194,0.1280499405005524,0.15695005116013616,0.8465645090492256,1.1199269455499752,-0.30442026615839113,0.42063540025264773,0.015213690682732282,0.023444818691546854,-0.5022513864148327,3.790203102858693,0.0,1.0,0.9930460745845467
fx,F2008,2606,0.021488317139451762,0.030864420568807834,0.7042948824366831,1.0284332683571076,-0.07511693280626164,0.2860648902541522,0.002670310998096647,0.004009864325963299,0.05850971474414428,10.852319695434236,0.0,1.0,0.9880960778044681
fx,F2018,2271,0.03225851596393525,0.026970953243255068,1.1907073766166374,1.828865807447057,-0.03300544744961642,0.9773694482760346,0.0024143603453371893,0.0034769384124854626,0.332659151840054,6.051591331635359,0.0,1.0,0.999839846821154
crypto,F2008,1202,1.5292560105442363,0.692099714204859,1.6828647266288004,2.3440380349522245,-0.6985465885137798,2.189196877759957,0.05671850656961656,0.09422663525938925,0.8210857581552162,9.487302841992733,0.0,1.0,0.9999212006187406
crypto,F2018,3186,0.0893920539457016,0.6176900661372591,0.45203627120815587,0.5960394141991683,-0.8901499362802268,0.10042359191672202,0.05972593552646857,0.0925785065854301,-0.32274719655473694,6.51067720069967,0.0,1.0,0.9450167854156183
stocks_us,F2008,2518,0.125375119690321,0.19154872070456933,0.7123500940314275,0.9046451480732859,-0.4306658430900987,0.291119255687272,0.017469317940927005,0.029010602468967816,0.2727017975114855,10.988468605375374,0.0,1.0,0.9880193657300732
stocks_us,F2018,2191,0.16295715209336636,0.18207614938827257,0.9206716312477586,1.1278940898524714,-0.33763875840175395,0.48263757651739975,0.015134220167467627,0.02706692104194047,-0.3421048472507794,16.051092823444932,0.0,1.0,0.996182434375698
stocks_intl,F2008,2607,0.13598754660805712,0.16207498732608602,0.8678344006852937,1.1441277115822623,-0.36973733038082424,0.3677950140116819,0.014886676475115785,0.02369696014976459,0.11124593413373404,9.036383886392933,0.0,1.0,0.9973462525318262
stocks_intl,F2018,2279,0.17169021867262213,0.13490308969411927,1.2427604262631329,1.4044754562136272,-0.31264822358895705,0.5491482302434113,0.011404483398841755,0.020702344562447555,-1.1328741533712239,19.41269454093057,0.0,1.0,0.9997908771762143
