strategy,freeze,variant,cost_multiplier,v_sharpe,b_sharpe,delta_sharpe
jma_trend,F2008,rule_adx,0.0,0.3577692841379626,0.7516936213156279,-0.3939243371776653
jma_trend,F2008,rule_adx,1.0,0.29026078575180936,0.6898213028354602,-0.3995605170836508
jma_trend,F2008,rule_adx,2.0,0.22299962740211998,0.6280597530692534,-0.40506012566713345
jma_trend,F2008,rule_adx,4.0,0.08925602632577667,0.5048967692753634,-0.41564074294958675
jma_trend,F2018,rule_adx,0.0,0.692269104156768,0.5561123044494222,0.13615679970734584
jma_trend,F2018,rule_adx,1.0,0.6439297672424782,0.5112451758448149,0.1326845913976633
jma_trend,F2018,rule_adx,2.0,0.59561878015814,0.4664230385760636,0.12919574158207636
jma_trend,F2018,rule_adx,4.0,0.4991123021916859,0.3769324098972411,0.12217989229444481
jma_trend,F2008,regime_linearity,0.0,0.008957051503942142,0.7516936213156279,-0.7427365698116858
jma_trend,F2008,regime_linearity,1.0,-0.09413372762923393,0.6898213028354602,-0.7839550304646941
jma_trend,F2008,regime_linearity,2.0,-0.1970444139749574,0.6280597530692534,-0.8251041670442109
jma_trend,F2008,regime_linearity,4.0,-0.40229392709741413,0.5048967692753634,-0.9071906963727776
jma_trend,F2008,meta_label,0.0,0.2382089619775912,0.7516936213156279,-0.5134846593380367
jma_trend,F2008,meta_label,1.0,0.13045652196919516,0.6898213028354602,-0.559364780866265
jma_trend,F2008,meta_label,2.0,0.022951709278982515,0.6280597530692534,-0.6051080437902709
jma_trend,F2008,meta_label,4.0,-0.19127953609460957,0.5048967692753634,-0.696176305369973
jma_trend,F2008,position_sizing,0.0,0.3788312233209344,0.7516936213156279,-0.3728623979946935
jma_trend,F2008,position_sizing,1.0,0.2846695298141145,0.6898213028354602,-0.4051517730213457
jma_trend,F2008,position_sizing,2.0,0.19071326282547083,0.6280597530692534,-0.4373464902437826
jma_trend,F2008,position_sizing,4.0,0.003443225135566495,0.5048967692753634,-0.5014535441397969
jma_trend,F2008,entry,0.0,-0.00996037593820333,0.7516936213156279,-0.7616539972538312
jma_trend,F2008,entry,1.0,-0.11846676992666423,0.6898213028354602,-0.8082880727621244
jma_trend,F2008,entry,2.0,-0.22684376563683406,0.6280597530692534,-0.8549035187060875
jma_trend,F2008,entry,4.0,-0.44317890947602634,0.5048967692753634,-0.9480756787513898
jma_trend,F2008,exit,0.0,0.12720159754186997,0.7516936213156279,-0.6244920237737579
jma_trend,F2008,exit,1.0,-0.4443810110688361,0.6898213028354602,-1.1342023139042963
jma_trend,F2008,exit,2.0,-1.0162659813949537,0.6280597530692534,-1.644325734464207
jma_trend,F2008,exit,4.0,-2.15809591510613,0.5048967692753634,-2.6629926843814933
jma_trend,F2008,best_combined,0.0,0.24639536552404995,0.7516936213156279,-0.5052982557915779
jma_trend,F2008,best_combined,1.0,0.13889155890525576,0.6898213028354602,-0.5509297439302044
jma_trend,F2008,best_combined,2.0,0.03163703890705356,0.6280597530692534,-0.5964227141621998
jma_trend,F2008,best_combined,4.0,-0.182088911535478,0.5048967692753634,-0.6869856808108414
jma_trend,F2018,regime_linearity,0.0,0.5055298670944849,0.5561123044494222,-0.05058243735493728
jma_trend,F2018,regime_linearity,1.0,0.4575875487547226,0.5112451758448149,-0.05365762709009231
jma_trend,F2018,regime_linearity,2.0,0.4096945847565396,0.4664230385760636,-0.056728453819524016
jma_trend,F2018,regime_linearity,4.0,0.3140849249723504,0.3769324098972411,-0.06284748492489067
jma_trend,F2018,meta_label,0.0,0.8620657400440366,0.5561123044494222,0.3059534355946144
jma_trend,F2018,meta_label,1.0,0.8221956330828695,0.5112451758448149,0.3109504572380546
jma_trend,F2018,meta_label,2.0,0.7823639818983136,0.4664230385760636,0.31594094332225
jma_trend,F2018,meta_label,4.0,0.7028352339247015,0.3769324098972411,0.3259028240274604
jma_trend,F2018,position_sizing,0.0,0.6227399920152793,0.5561123044494222,0.06662768756585713
jma_trend,F2018,position_sizing,1.0,0.5867033866361451,0.5112451758448149,0.0754582107913302
jma_trend,F2018,position_sizing,2.0,0.5507051568686661,0.4664230385760636,0.08428211829260246
jma_trend,F2018,position_sizing,4.0,0.4788367251331577,0.3769324098972411,0.10190431523591664
jma_trend,F2018,entry,0.0,0.30933954616707116,0.5561123044494222,-0.246772758282351
jma_trend,F2018,entry,1.0,0.2539657111039133,0.5112451758448149,-0.2572794647409016
jma_trend,F2018,entry,2.0,0.1987263828867613,0.4664230385760636,-0.2676966556893023
jma_trend,F2018,entry,4.0,0.08867740128886031,0.3769324098972411,-0.28825500860838077
jma_trend,F2018,exit,0.0,0.3027291172603766,0.5561123044494222,-0.25338318718904557
jma_trend,F2018,exit,1.0,0.06893343021100641,0.5112451758448149,-0.4423117456338085
jma_trend,F2018,exit,2.0,-0.16489906961094203,0.4664230385760636,-0.6313221081870056
jma_trend,F2018,exit,4.0,-0.6314977156592977,0.3769324098972411,-1.0084301255565387
jma_trend,F2018,best_combined,0.0,0.8256932793150846,0.5561123044494222,0.26958097486566246
jma_trend,F2018,best_combined,1.0,0.7888797594873304,0.5112451758448149,0.2776345836425155
jma_trend,F2018,best_combined,2.0,0.7521019496514972,0.4664230385760636,0.28567891107543364
jma_trend,F2018,best_combined,4.0,0.6786719933397353,0.3769324098972411,0.3017395834424942
sma_cross,F2008,rule_adx,0.0,-0.052471324740546894,0.05952366750228287,-0.11199499224282977
sma_cross,F2008,rule_adx,1.0,-0.08758790011087127,0.025189084045470392,-0.11277698415634166
sma_cross,F2008,rule_adx,2.0,-0.1226726173864278,-0.00911284300949449,-0.11355977437693332
sma_cross,F2008,rule_adx,4.0,-0.1927439411904763,-0.07761670081840322,-0.11512724037207309
sma_cross,F2018,rule_adx,0.0,-0.20750124172643575,-0.13132934461053908,-0.07617189711589667
sma_cross,F2018,rule_adx,1.0,-0.22791964925772448,-0.1534785444663918,-0.07444110479133267
sma_cross,F2018,rule_adx,2.0,-0.24827959201787092,-0.17556398953408037,-0.07271560248379055
sma_cross,F2018,rule_adx,4.0,-0.2888176751620012,-0.2195357383465893,-0.0692819368154119
sma_cross,F2008,regime_linearity,0.0,0.18236699035706433,0.05952366750228287,0.12284332285478146
sma_cross,F2008,regime_linearity,1.0,0.13736375174100204,0.025189084045470392,0.11217466769553165
sma_cross,F2008,regime_linearity,2.0,0.09241503359837466,-0.00911284300949449,0.10152787660786915
sma_cross,F2008,regime_linearity,4.0,0.002687357406898771,-0.07761670081840322,0.08030405822530198
sma_cross,F2008,meta_label,0.0,0.03588101895246224,0.05952366750228287,-0.02364264854982063
sma_cross,F2008,meta_label,1.0,-0.002387860453252325,0.025189084045470392,-0.027576944498722715
sma_cross,F2008,meta_label,2.0,-0.04060622505801797,-0.00911284300949449,-0.03149338204852348
sma_cross,F2008,meta_label,4.0,-0.11688502315084942,-0.07761670081840322,-0.039268322332446204
sma_cross,F2008,position_sizing,0.0,0.09156961178268787,0.05952366750228287,0.032045944280405
sma_cross,F2008,position_sizing,1.0,0.05586082696019806,0.025189084045470392,0.03067174291472767
sma_cross,F2008,position_sizing,2.0,0.02018923642045021,-0.00911284300949449,0.0293020794299447
sma_cross,F2008,position_sizing,4.0,-0.05103979487240177,-0.07761670081840322,0.02657690594600145
sma_cross,F2008,entry,0.0,0.06075995415828467,0.05952366750228287,0.0012362866560017977
sma_cross,F2008,entry,1.0,-0.0017634067432086994,0.025189084045470392,-0.02695249078867909
sma_cross,F2008,entry,2.0,-0.06425674214632011,-0.00911284300949449,-0.05514389913682562
sma_cross,F2008,entry,4.0,-0.18914559505840575,-0.07761670081840322,-0.11152889424000254
sma_cross,F2008,exit,0.0,0.08274683979704099,0.05952366750228287,0.02322317229475812
sma_cross,F2008,exit,1.0,-0.1952880412710263,0.025189084045470392,-0.2204771253164967
sma_cross,F2008,exit,2.0,-0.47347931247842623,-0.00911284300949449,-0.46436646946893173
sma_cross,F2008,exit,4.0,-1.0293492419046766,-0.07761670081840322,-0.9517325410862734
sma_cross,F2008,best_combined,0.0,0.0400251443575263,0.05952366750228287,-0.01949852314475657
sma_cross,F2008,best_combined,1.0,0.0021152320007926557,0.025189084045470392,-0.023073852044677736
sma_cross,F2008,best_combined,2.0,-0.03574368490880264,-0.00911284300949449,-0.02663084189930815
sma_cross,F2008,best_combined,4.0,-0.11130225111074891,-0.07761670081840322,-0.0336855502923457
sma_cross,F2018,regime_linearity,0.0,0.13694092698205376,-0.13132934461053908,0.26827027159259287
sma_cross,F2018,regime_linearity,1.0,0.11745651445570957,-0.1534785444663918,0.27093505892210135
sma_cross,F2018,regime_linearity,2.0,0.09802232075578977,-0.17556398953408037,0.2735863102898701
sma_cross,F2018,regime_linearity,4.0,0.05931370043828982,-0.2195357383465893,0.2788494387848791
sma_cross,F2018,meta_label,0.0,-0.037888454981359676,-0.13132934461053908,0.0934408896291794
sma_cross,F2018,meta_label,1.0,-0.05486231420477463,-0.1534785444663918,0.09861623026161717
sma_cross,F2018,meta_label,2.0,-0.07178574353671921,-0.17556398953408037,0.10377824599736116
sma_cross,F2018,meta_label,4.0,-0.10547468800943663,-0.2195357383465893,0.11406105033715266
sma_cross,F2018,position_sizing,0.0,-0.09094001959269414,-0.13132934461053908,0.04038932501784494
sma_cross,F2018,position_sizing,1.0,-0.11207338609202647,-0.1534785444663918,0.04140515837436534
sma_cross,F2018,position_sizing,2.0,-0.13314541352619355,-0.17556398953408037,0.042418576007886816
sma_cross,F2018,position_sizing,4.0,-0.17509767730854636,-0.2195357383465893,0.04443806103804293
sma_cross,F2018,entry,0.0,0.5322920362133668,-0.13132934461053908,0.663621380823906
sma_cross,F2018,entry,1.0,0.4964658042201076,-0.1534785444663918,0.6499443486864994
sma_cross,F2018,entry,2.0,0.4606730686990593,-0.17556398953408037,0.6362370582331396
sma_cross,F2018,entry,4.0,0.3891993212452091,-0.2195357383465893,0.6087350595917984
sma_cross,F2018,exit,0.0,0.1449273446550655,-0.13132934461053908,0.27625668926560454
sma_cross,F2018,exit,1.0,0.0679566357981448,-0.1534785444663918,0.22143518026453662
sma_cross,F2018,exit,2.0,-0.009156677127975956,-0.17556398953408037,0.1664073124061044
sma_cross,F2018,exit,4.0,-0.1634728564346283,-0.2195357383465893,0.05606288191196099
sma_cross,F2018,best_combined,0.0,-0.04127777545266963,-0.13132934461053908,0.09005156915786945
sma_cross,F2018,best_combined,1.0,-0.05977579224931723,-0.1534785444663918,0.09370275221707458
sma_cross,F2018,best_combined,2.0,-0.07821903937885656,-0.17556398953408037,0.0973449501552238
sma_cross,F2018,best_combined,4.0,-0.11493405929828814,-0.2195357383465893,0.10460167904830116
donchian,F2008,rule_adx,0.0,0.2659861305160053,0.3151440960538294,-0.049157965537824144
donchian,F2008,rule_adx,1.0,0.22409210844095875,0.2679277575697493,-0.04383564912879054
donchian,F2008,rule_adx,2.0,0.1822022887106494,0.22072184510911633,-0.038519556398466936
donchian,F2008,rule_adx,4.0,0.09844784832227557,0.1263537591964156,-0.027905910874140016
donchian,F2018,rule_adx,0.0,0.4523261752095163,0.4485815908188614,0.0037445843906548926
donchian,F2018,rule_adx,1.0,0.42544492637886483,0.4191322105517501,0.006312715827114734
donchian,F2018,rule_adx,2.0,0.3985907564906787,0.38972629830444205,0.008864458186236657
donchian,F2018,rule_adx,4.0,0.3449698523698635,0.3310516314982055,0.013918220871658005
donchian,F2008,regime_linearity,0.0,0.006508537881653335,0.3151440960538294,-0.3086355581721761
donchian,F2008,regime_linearity,1.0,-0.055324962779864664,0.2679277575697493,-0.32325272034961394
donchian,F2008,regime_linearity,2.0,-0.11710022921545425,0.22072184510911633,-0.33782207432457056
donchian,F2008,regime_linearity,4.0,-0.24046729671290798,0.1263537591964156,-0.36682105590932357
donchian,F2008,meta_label,0.0,0.17829467151681017,0.3151440960538294,-0.13684942453701926
donchian,F2008,meta_label,1.0,0.11805808238886166,0.2679277575697493,-0.14986967518088762
donchian,F2008,meta_label,2.0,0.057885339163741216,0.22072184510911633,-0.1628365059453751
donchian,F2008,meta_label,4.0,-0.06225991051619494,0.1263537591964156,-0.18861366971261054
donchian,F2008,position_sizing,0.0,0.11239218263691339,0.3151440960538294,-0.20275191341691604
donchian,F2008,position_sizing,1.0,0.048200238399531546,0.2679277575697493,-0.21972751917021774
donchian,F2008,position_sizing,2.0,-0.015934641582614265,0.22072184510911633,-0.2366564866917306
donchian,F2008,position_sizing,4.0,-0.1440230162615016,0.1263537591964156,-0.27037677545791716
donchian,F2008,entry,0.0,-0.04792324974803094,0.3151440960538294,-0.36306734580186034
donchian,F2008,entry,1.0,-0.15421640685980317,0.2679277575697493,-0.4221441644295525
donchian,F2008,entry,2.0,-0.26037242234816355,0.22072184510911633,-0.4810942674572799
donchian,F2008,entry,4.0,-0.4722435599925748,0.1263537591964156,-0.5985973191889904
donchian,F2008,exit,0.0,0.05730380268219434,0.3151440960538294,-0.2578402933716351
donchian,F2008,exit,1.0,-0.3099743300197039,0.2679277575697493,-0.5779020875894532
donchian,F2008,exit,2.0,-0.6808625427395488,0.22072184510911633,-0.9015843878486651
donchian,F2008,exit,4.0,-1.4326333341339759,0.1263537591964156,-1.5589870933303915
donchian,F2008,best_combined,0.0,0.19889768225377147,0.3151440960538294,-0.11624641380005796
donchian,F2008,best_combined,1.0,0.13716890784498081,0.2679277575697493,-0.13075884972476848
donchian,F2008,best_combined,2.0,0.07550881494215052,0.22072184510911633,-0.1452130301669658
donchian,F2008,best_combined,4.0,-0.04759598525290118,0.1263537591964156,-0.17394974444931677
donchian,F2018,regime_linearity,0.0,0.3807663483747816,0.4485815908188614,-0.06781524244407977
donchian,F2018,regime_linearity,1.0,0.35200462645880076,0.4191322105517501,-0.06712758409294933
donchian,F2018,regime_linearity,2.0,0.323285371264258,0.38972629830444205,-0.06644092704018406
donchian,F2018,regime_linearity,4.0,0.26598434241676344,0.3310516314982055,-0.06506728908144205
donchian,F2018,meta_label,0.0,0.6403159441041101,0.4485815908188614,0.19173435328524868
donchian,F2018,meta_label,1.0,0.6062146554005596,0.4191322105517501,0.18708244484880954
donchian,F2018,meta_label,2.0,0.5721536237198511,0.38972629830444205,0.18242732541540907
donchian,F2018,meta_label,4.0,0.5041664633421916,0.3310516314982055,0.17311483184398613
donchian,F2018,position_sizing,0.0,0.6122860691439942,0.4485815908188614,0.1637044783251328
donchian,F2018,position_sizing,1.0,0.5840119378572656,0.4191322105517501,0.16487972730551548
donchian,F2018,position_sizing,2.0,0.5557834614434457,0.38972629830444205,0.16605716313900365
donchian,F2018,position_sizing,4.0,0.4994700146828314,0.3310516314982055,0.16841838318462593
donchian,F2018,entry,0.0,0.2564361218257816,0.4485815908188614,-0.19214546899307977
donchian,F2018,entry,1.0,0.20289677729606984,0.4191322105517501,-0.21623543325568026
donchian,F2018,entry,2.0,0.14949196079922028,0.38972629830444205,-0.24023433750522177
donchian,F2018,entry,4.0,0.04310973724855491,0.3310516314982055,-0.28794189424965055
donchian,F2018,exit,0.0,0.4701597756950207,0.4485815908188614,0.021578184876159312
donchian,F2018,exit,1.0,0.3517782096931717,0.4191322105517501,-0.0673540008585784
donchian,F2018,exit,2.0,0.2330179118167747,0.38972629830444205,-0.15670838648766736
donchian,F2018,exit,4.0,-0.005443912339376008,0.3310516314982055,-0.3364955438375815
donchian,F2018,best_combined,0.0,0.6610723284894908,0.4485815908188614,0.21249073767062943
donchian,F2018,best_combined,1.0,0.6316654621014862,0.4191322105517501,0.21253325154973612
donchian,F2018,best_combined,2.0,0.6022910794212925,0.38972629830444205,0.2125647811168504
donchian,F2018,best_combined,4.0,0.5436505616394584,0.3310516314982055,0.21259893014125286
ts_momentum,F2008,rule_adx,0.0,0.17123984674068793,0.09569158904442342,0.07554825769626451
ts_momentum,F2008,rule_adx,1.0,0.13822625012609416,0.06432452653442944,0.07390172359166472
ts_momentum,F2008,rule_adx,2.0,0.10522262268471132,0.03296824891084808,0.07225437377386323
ts_momentum,F2008,rule_adx,4.0,0.0392480066820192,-0.029709825448941754,0.06895783213096096
ts_momentum,F2018,rule_adx,0.0,-0.05594412727391001,0.15380259496814758,-0.2097467222420576
ts_momentum,F2018,rule_adx,1.0,-0.07220152931674359,0.13613549793837607,-0.20833702725511966
ts_momentum,F2018,rule_adx,2.0,-0.08842350212918816,0.11849423199290743,-0.20691773412209558
ts_momentum,F2018,rule_adx,4.0,-0.12075756063826408,0.08329247511856216,-0.20405003575682623
ts_momentum,F2008,regime_linearity,0.0,0.23409047000751185,0.09569158904442342,0.13839888096308844
ts_momentum,F2008,regime_linearity,1.0,0.18757143399078674,0.06432452653442944,0.1232469074563573
ts_momentum,F2008,regime_linearity,2.0,0.14109123112220087,0.03296824891084808,0.10812298221135279
ts_momentum,F2008,regime_linearity,4.0,0.048254203373359304,-0.029709825448941754,0.07796402882230105
ts_momentum,F2008,meta_label,0.0,0.30218701352348776,0.09569158904442342,0.20649542447906433
ts_momentum,F2008,meta_label,1.0,0.2566805419192141,0.06432452653442944,0.19235601538478464
ts_momentum,F2008,meta_label,2.0,0.21122179206954936,0.03296824891084808,0.1782535431587013
ts_momentum,F2008,meta_label,4.0,0.12045429862612159,-0.029709825448941754,0.15016412407506335
ts_momentum,F2008,position_sizing,0.0,0.12653019475512875,0.09569158904442342,0.030838605710705333
ts_momentum,F2008,position_sizing,1.0,0.09335573639223063,0.06432452653442944,0.029031209857801193
ts_momentum,F2008,position_sizing,2.0,0.06019741463222842,0.03296824891084808,0.027229165721380337
ts_momentum,F2008,position_sizing,4.0,-0.006068185779610774,-0.029709825448941754,0.02364163966933098
ts_momentum,F2008,entry,0.0,0.06075995415828467,0.09569158904442342,-0.03493163488613875
ts_momentum,F2008,entry,1.0,-0.0017634067432086994,0.06432452653442944,-0.06608793327763814
ts_momentum,F2008,entry,2.0,-0.06425674214632011,0.03296824891084808,-0.0972249910571682
ts_momentum,F2008,entry,4.0,-0.18914559505840575,-0.029709825448941754,-0.15943576960946398
ts_momentum,F2008,exit,0.0,0.3581584142058851,0.09569158904442342,0.2624668251614617
ts_momentum,F2008,exit,1.0,-0.047383770863719865,0.06432452653442944,-0.1117082973981493
ts_momentum,F2008,exit,2.0,-0.45424312222687524,0.03296824891084808,-0.48721137113772334
ts_momentum,F2008,exit,4.0,-1.2695996011698596,-0.029709825448941754,-1.2398897757209177
ts_momentum,F2008,best_combined,0.0,0.3108881706841986,0.09569158904442342,0.21519658163977518
ts_momentum,F2008,best_combined,1.0,0.2662385629457284,0.06432452653442944,0.20191403641129896
ts_momentum,F2008,best_combined,2.0,0.22163433116583942,0.03296824891084808,0.18866608225499132
ts_momentum,F2008,best_combined,4.0,0.13256860950717234,-0.029709825448941754,0.1622784349561141
ts_momentum,F2018,regime_linearity,0.0,0.32246476494689974,0.15380259496814758,0.16866216997875216
ts_momentum,F2018,regime_linearity,1.0,0.299756324561642,0.13613549793837607,0.1636208266232659
ts_momentum,F2018,regime_linearity,2.0,0.27709430128532037,0.11849423199290743,0.15860006929241294
ts_momentum,F2018,regime_linearity,4.0,0.23191947834304527,0.08329247511856216,0.1486270032244831
ts_momentum,F2018,meta_label,0.0,0.25149029307166465,0.15380259496814758,0.09768769810351707
ts_momentum,F2018,meta_label,1.0,0.23691251252781095,0.13613549793837607,0.10077701458943489
ts_momentum,F2018,meta_label,2.0,0.22235798706508075,0.11849423199290743,0.10386375507217332
ts_momentum,F2018,meta_label,4.0,0.19332187301033102,0.08329247511856216,0.11002939789176885
ts_momentum,F2018,position_sizing,0.0,0.19277866704617988,0.15380259496814758,0.0389760720780323
ts_momentum,F2018,position_sizing,1.0,0.17592208713826765,0.13613549793837607,0.03978658919989159
ts_momentum,F2018,position_sizing,2.0,0.15909287257205448,0.11849423199290743,0.040598640579147055
ts_momentum,F2018,position_sizing,4.0,0.12552000378324368,0.08329247511856216,0.04222752866468152
ts_momentum,F2018,entry,0.0,0.5322920362133668,0.15380259496814758,0.37848944124521927
ts_momentum,F2018,entry,1.0,0.4964658042201076,0.13613549793837607,0.36033030628173157
ts_momentum,F2018,entry,2.0,0.4606730686990593,0.11849423199290743,0.34217883670615185
ts_momentum,F2018,entry,4.0,0.3891993212452091,0.08329247511856216,0.305906846126647
ts_momentum,F2018,exit,0.0,-0.17271260396756533,0.15380259496814758,-0.3265151989357129
ts_momentum,F2018,exit,1.0,-0.3148036008402456,0.13613549793837607,-0.4509390987786217
ts_momentum,F2018,exit,2.0,-0.4561510039671464,0.11849423199290743,-0.5746452359600538
ts_momentum,F2018,exit,4.0,-0.7356777022771788,0.08329247511856216,-0.818970177395741
ts_momentum,F2018,best_combined,0.0,0.2400867853827645,0.15380259496814758,0.08628419041461693
ts_momentum,F2018,best_combined,1.0,0.22344718968747868,0.13613549793837607,0.08731169174910261
ts_momentum,F2018,best_combined,2.0,0.20683513825130156,0.11849423199290743,0.08834090625839414
ts_momentum,F2018,best_combined,4.0,0.1736972630985384,0.08329247511856216,0.09040478797997623
rsi2_reversion,F2008,rule_adx,0.0,-0.20570669709646439,-0.3040207180302007,0.09831402093373631
rsi2_reversion,F2008,rule_adx,1.0,-0.27865599816803316,-0.3912609650397384,0.11260496687170524
rsi2_reversion,F2008,rule_adx,2.0,-0.351532579325189,-0.47837228226674416,0.12683970294155517
rsi2_reversion,F2008,rule_adx,4.0,-0.49701274981290255,-0.6521485246677184,0.1551357748548159
rsi2_reversion,F2018,rule_adx,0.0,-0.09851788345688371,-0.27224851791293303,0.1737306344560493
rsi2_reversion,F2018,rule_adx,1.0,-0.14518074821590657,-0.32936517483721317,0.1841844266213066
rsi2_reversion,F2018,rule_adx,2.0,-0.19177698995887874,-0.38631965577298133,0.1945426658141026
rsi2_reversion,F2018,rule_adx,4.0,-0.28472999544581085,-0.4996862001216889,0.21495620467587806
rsi2_reversion,F2008,regime_linearity,0.0,-0.6391775542285923,-0.3040207180302007,-0.33515683619839165
rsi2_reversion,F2008,regime_linearity,1.0,-0.7752189837188814,-0.3912609650397384,-0.38395801867914303
rsi2_reversion,F2008,regime_linearity,2.0,-0.9108441482574157,-0.47837228226674416,-0.4324718659906715
rsi2_reversion,F2008,regime_linearity,4.0,-1.180743685496189,-0.6521485246677184,-0.5285951608284706
rsi2_reversion,F2008,meta_label,0.0,-0.2185682901225414,-0.3040207180302007,0.0854524279076593
rsi2_reversion,F2008,meta_label,1.0,-0.3258421501705135,-0.3912609650397384,0.0654188148692249
rsi2_reversion,F2008,meta_label,2.0,-0.4328917988051717,-0.47837228226674416,0.04548048346157246
rsi2_reversion,F2008,meta_label,4.0,-0.646257286113948,-0.6521485246677184,0.005891238553770495
rsi2_reversion,F2008,position_sizing,0.0,-0.3646521640636565,-0.3040207180302007,-0.06063144603345583
rsi2_reversion,F2008,position_sizing,1.0,-0.4817757485837756,-0.3912609650397384,-0.09051478354403719
rsi2_reversion,F2008,position_sizing,2.0,-0.5986264398147165,-0.47837228226674416,-0.12025415754797236
rsi2_reversion,F2008,position_sizing,4.0,-0.8314397129875806,-0.6521485246677184,-0.17929118831986213
rsi2_reversion,F2008,entry,0.0,-2.4338797172092086,-0.3040207180302007,-2.129858999179008
rsi2_reversion,F2008,entry,1.0,-2.779320486500705,-0.3912609650397384,-2.3880595214609666
rsi2_reversion,F2008,entry,2.0,-3.1227982717397933,-0.47837228226674416,-2.6444259894730493
rsi2_reversion,F2008,entry,4.0,-3.803140955135557,-0.6521485246677184,-3.1509924304678383
rsi2_reversion,F2008,exit,0.0,0.684473951377978,-0.3040207180302007,0.9884946694081787
rsi2_reversion,F2008,exit,1.0,0.39219042189045056,-0.3912609650397384,0.7834513869301889
rsi2_reversion,F2008,exit,2.0,0.10119193905717261,-0.47837228226674416,0.5795642213239167
rsi2_reversion,F2008,exit,4.0,-0.47598167487554316,-0.6521485246677184,0.17616684979217528
rsi2_reversion,F2008,best_combined,0.0,-0.20185236894537417,-0.3040207180302007,0.10216834908482653
rsi2_reversion,F2008,best_combined,1.0,-0.3091652088665085,-0.3912609650397384,0.0820957561732299
rsi2_reversion,F2008,best_combined,2.0,-0.41625461761261684,-0.47837228226674416,0.062117664654127325
rsi2_reversion,F2008,best_combined,4.0,-0.6297015215156655,-0.6521485246677184,0.022447003152052947
rsi2_reversion,F2018,regime_linearity,0.0,-0.24810933646543432,-0.27224851791293303,0.024139181447498714
rsi2_reversion,F2018,regime_linearity,1.0,-0.31414731125051526,-0.32936517483721317,0.01521786358669791
rsi2_reversion,F2018,regime_linearity,2.0,-0.3800305934554275,-0.38631965577298133,0.0062890623175538285
rsi2_reversion,F2018,regime_linearity,4.0,-0.5111991839805397,-0.4996862001216889,-0.011512983858850745
rsi2_reversion,F2018,meta_label,0.0,-0.7047825071571098,-0.27224851791293303,-0.43253398924417674
rsi2_reversion,F2018,meta_label,1.0,-0.8183371800044049,-0.32936517483721317,-0.48897200516719175
rsi2_reversion,F2018,meta_label,2.0,-0.9314648583322304,-0.38631965577298133,-0.545145202559249
rsi2_reversion,F2018,meta_label,4.0,-1.1563513781390433,-0.4996862001216889,-0.6566651780173545
rsi2_reversion,F2018,position_sizing,0.0,-0.2770146818775573,-0.27224851791293303,-0.004766163964624259
rsi2_reversion,F2018,position_sizing,1.0,-0.33570616170252615,-0.32936517483721317,-0.006340986865312981
rsi2_reversion,F2018,position_sizing,2.0,-0.3942114105288848,-0.38631965577298133,-0.00789175475590348
rsi2_reversion,F2018,position_sizing,4.0,-0.5105984504491978,-0.4996862001216889,-0.010912250327508921
rsi2_reversion,F2018,entry,0.0,-0.8056210410410494,-0.27224851791293303,-0.5333725231281163
rsi2_reversion,F2018,entry,1.0,-0.9160627116991396,-0.32936517483721317,-0.5866975368619264
rsi2_reversion,F2018,entry,2.0,-1.0263783990916633,-0.38631965577298133,-0.640058743318682
rsi2_reversion,F2018,entry,4.0,-1.2465032521191193,-0.4996862001216889,-0.7468170519974304
rsi2_reversion,F2018,exit,0.0,0.231931885944688,-0.27224851791293303,0.504180403857621
rsi2_reversion,F2018,exit,1.0,0.0829857934582003,-0.32936517483721317,0.41235096829541346
rsi2_reversion,F2018,exit,2.0,-0.06573071267682587,-0.38631965577298133,0.3205889430961555
rsi2_reversion,F2018,exit,4.0,-0.36160430142846756,-0.4996862001216889,0.13808189869322135
rsi2_reversion,F2018,best_combined,0.0,-0.6846485556298381,-0.27224851791293303,-0.41240003771690503
rsi2_reversion,F2018,best_combined,1.0,-0.7963252718429447,-0.32936517483721317,-0.4669600970057315
rsi2_reversion,F2018,best_combined,2.0,-0.9075910111465074,-0.38631965577298133,-0.5212713553735261
rsi2_reversion,F2018,best_combined,4.0,-1.1288043310884368,-0.4996862001216889,-0.629118130966748
