strategy,freeze,variant,crisis,v_return,b_return,v_max_drawdown,b_max_drawdown
jma_trend,F2008,rule_adx,GFC,-0.10658342513750563,-0.12740749505950544,-0.12185631245072093,-0.15135567820380835
jma_trend,F2008,rule_adx,Euro debt crisis,-0.038704880465814884,-0.05991882321920938,-0.058926605601467896,-0.07752675583270019
jma_trend,F2008,rule_adx,2015-16 selloff,-0.017950540993154962,-0.019998249560890802,-0.029096989122321948,-0.03147965673649489
jma_trend,F2018,rule_adx,COVID crash,0.1411490628577694,-0.07752834207292092,-0.05592096469039087,-0.16065331828562135
jma_trend,F2018,rule_adx,2022 bear market,-0.03165621771035276,-0.09290164579673899,-0.13704907983731207,-0.1812182680723179
jma_trend,F2008,regime_linearity,GFC,-0.026689814505316045,-0.12740749505950544,-0.09426463719745937,-0.15135567820380835
jma_trend,F2008,regime_linearity,Euro debt crisis,-0.03844930396727042,-0.05991882321920938,-0.060786168740295854,-0.07752675583270019
jma_trend,F2008,regime_linearity,2015-16 selloff,-0.01839998753339711,-0.019998249560890802,-0.033342664625197305,-0.03147965673649489
jma_trend,F2008,meta_label,GFC,-0.06187164607113549,-0.12740749505950544,-0.06927157142262219,-0.15135567820380835
jma_trend,F2008,meta_label,Euro debt crisis,-0.02930937503630482,-0.05991882321920938,-0.035889551796597696,-0.07752675583270019
jma_trend,F2008,meta_label,2015-16 selloff,-0.011786716081788273,-0.019998249560890802,-0.02430147191493437,-0.03147965673649489
jma_trend,F2008,position_sizing,GFC,-0.11606284697778513,-0.12740749505950544,-0.1388349170474591,-0.15135567820380835
jma_trend,F2008,position_sizing,Euro debt crisis,-0.0581599271288854,-0.05991882321920938,-0.07507260581445152,-0.07752675583270019
jma_trend,F2008,position_sizing,2015-16 selloff,-0.017628859286187848,-0.019998249560890802,-0.03411451031186774,-0.03147965673649489
jma_trend,F2008,entry,GFC,0.05992924801605004,-0.12740749505950544,-0.12927603675260946,-0.15135567820380835
jma_trend,F2008,entry,Euro debt crisis,-0.022871013978618238,-0.05991882321920938,-0.06749140791814157,-0.07752675583270019
jma_trend,F2008,entry,2015-16 selloff,-0.0178132013889436,-0.019998249560890802,-0.0599118680222821,-0.03147965673649489
jma_trend,F2008,exit,GFC,0.033912253086140876,-0.12740749505950544,-0.04428881987768274,-0.15135567820380835
jma_trend,F2008,exit,Euro debt crisis,-0.0031025278336559436,-0.05991882321920938,-0.0345500765074378,-0.07752675583270019
jma_trend,F2008,exit,2015-16 selloff,-0.002999415392058169,-0.019998249560890802,-0.010946270974530603,-0.03147965673649489
jma_trend,F2008,best_combined,GFC,-0.07951535095981699,-0.12740749505950544,-0.08669987907342502,-0.15135567820380835
jma_trend,F2008,best_combined,Euro debt crisis,-0.03576480636645096,-0.05991882321920938,-0.04388631094288675,-0.07752675583270019
jma_trend,F2008,best_combined,2015-16 selloff,-0.014985657996266943,-0.019998249560890802,-0.030239352151283372,-0.03147965673649489
jma_trend,F2018,regime_linearity,COVID crash,0.034493889837117875,-0.07752834207292092,-0.038398409606096306,-0.16065331828562135
jma_trend,F2018,regime_linearity,2022 bear market,-0.09142578288004255,-0.09290164579673899,-0.14157885269188264,-0.1812182680723179
jma_trend,F2018,meta_label,COVID crash,0.005174165812347864,-0.07752834207292092,-0.06384215120172865,-0.16065331828562135
jma_trend,F2018,meta_label,2022 bear market,-0.02657783321366214,-0.09290164579673899,-0.12481641198193139,-0.1812182680723179
jma_trend,F2018,position_sizing,COVID crash,-0.15686948767786713,-0.07752834207292092,-0.23962034754324124,-0.16065331828562135
jma_trend,F2018,position_sizing,2022 bear market,-0.0717115607596488,-0.09290164579673899,-0.19085846572233178,-0.1812182680723179
jma_trend,F2018,entry,COVID crash,0.10654833580013623,-0.07752834207292092,-0.13293866340546134,-0.16065331828562135
jma_trend,F2018,entry,2022 bear market,-0.09785103677171125,-0.09290164579673899,-0.24318732621316452,-0.1812182680723179
jma_trend,F2018,exit,COVID crash,-0.07427458127564224,-0.07752834207292092,-0.12026077909724353,-0.16065331828562135
jma_trend,F2018,exit,2022 bear market,0.0030222713991103767,-0.09290164579673899,-0.07055712663379099,-0.1812182680723179
jma_trend,F2018,best_combined,COVID crash,0.008429965021050423,-0.07752834207292092,-0.09318431075235589,-0.16065331828562135
jma_trend,F2018,best_combined,2022 bear market,-0.028111709425618914,-0.09290164579673899,-0.16093991233423566,-0.1812182680723179
sma_cross,F2008,rule_adx,GFC,0.04094745097218766,0.04477608335433736,-0.04104876761563836,-0.04422231258320364
sma_cross,F2008,rule_adx,Euro debt crisis,-0.016840475509824593,-0.009046268109574762,-0.02631909395102039,-0.04056086068052156
sma_cross,F2008,rule_adx,2015-16 selloff,-0.006222465965924906,-0.008321060686229953,-0.028234610488338308,-0.03955142975872028
sma_cross,F2018,rule_adx,COVID crash,0.01702951343644732,0.023771640325820798,-0.08841575230834764,-0.09044928804626173
sma_cross,F2018,rule_adx,2022 bear market,-0.08711933132145144,-0.10315249164685991,-0.10223696811897909,-0.11309096525450091
sma_cross,F2008,regime_linearity,GFC,0.026023925510699764,0.04477608335433736,-0.02128766025598605,-0.04422231258320364
sma_cross,F2008,regime_linearity,Euro debt crisis,-0.0009974630673548202,-0.009046268109574762,-0.012667024245022862,-0.04056086068052156
sma_cross,F2008,regime_linearity,2015-16 selloff,-0.010598725033921452,-0.008321060686229953,-0.024283687654096053,-0.03955142975872028
sma_cross,F2008,meta_label,GFC,0.005424445865602756,0.04477608335433736,-0.0156951405012713,-0.04422231258320364
sma_cross,F2008,meta_label,Euro debt crisis,0.001482299302237422,-0.009046268109574762,-0.01569637364789489,-0.04056086068052156
sma_cross,F2008,meta_label,2015-16 selloff,-0.0026181587865324873,-0.008321060686229953,-0.01613245245081285,-0.03955142975872028
sma_cross,F2008,position_sizing,GFC,0.030687288122296152,0.04477608335433736,-0.031848818839613546,-0.04422231258320364
sma_cross,F2008,position_sizing,Euro debt crisis,-0.004867101210457303,-0.009046268109574762,-0.034644341385484334,-0.04056086068052156
sma_cross,F2008,position_sizing,2015-16 selloff,-0.007464931479218673,-0.008321060686229953,-0.03016053801235985,-0.03955142975872028
sma_cross,F2008,entry,GFC,0.09814840363151367,0.04477608335433736,-0.14196082030889023,-0.04422231258320364
sma_cross,F2008,entry,Euro debt crisis,-0.028693243988433204,-0.009046268109574762,-0.0697094609636647,-0.04056086068052156
sma_cross,F2008,entry,2015-16 selloff,-0.02115558136376383,-0.008321060686229953,-0.049690212633466846,-0.03955142975872028
sma_cross,F2008,exit,GFC,0.0024441148775071753,0.04477608335433736,-0.004596384512491558,-0.04422231258320364
sma_cross,F2008,exit,Euro debt crisis,-0.0006588127307207703,-0.009046268109574762,-0.0068250757942306395,-0.04056086068052156
sma_cross,F2008,exit,2015-16 selloff,0.001189197188188107,-0.008321060686229953,-0.0048010485740245246,-0.03955142975872028
sma_cross,F2008,best_combined,GFC,0.007402879090038006,0.04477608335433736,-0.019835222557376908,-0.04422231258320364
sma_cross,F2008,best_combined,Euro debt crisis,0.002149978246307027,-0.009046268109574762,-0.020389205225502027,-0.04056086068052156
sma_cross,F2008,best_combined,2015-16 selloff,-0.004793843826181643,-0.008321060686229953,-0.020330812152646094,-0.03955142975872028
sma_cross,F2018,regime_linearity,COVID crash,0.012104754497999526,0.023771640325820798,-0.020206947070773196,-0.09044928804626173
sma_cross,F2018,regime_linearity,2022 bear market,-0.047785832125524785,-0.10315249164685991,-0.09940338174450636,-0.11309096525450091
sma_cross,F2018,meta_label,COVID crash,0.0368049354108444,0.023771640325820798,-0.032427485791996724,-0.09044928804626173
sma_cross,F2018,meta_label,2022 bear market,-0.08160883862811552,-0.10315249164685991,-0.0964134137490027,-0.11309096525450091
sma_cross,F2018,position_sizing,COVID crash,0.02087499358808631,0.023771640325820798,-0.07087309544248521,-0.09044928804626173
sma_cross,F2018,position_sizing,2022 bear market,-0.09282631303293998,-0.10315249164685991,-0.10331496243806793,-0.11309096525450091
sma_cross,F2018,entry,COVID crash,0.0035062992119201386,0.023771640325820798,-0.11017231950412998,-0.09044928804626173
sma_cross,F2018,entry,2022 bear market,0.020581571281752087,-0.10315249164685991,-0.15929426672340397,-0.11309096525450091
sma_cross,F2018,exit,COVID crash,-0.020503509279561682,0.023771640325820798,-0.03215481165285439,-0.09044928804626173
sma_cross,F2018,exit,2022 bear market,0.011864757471534926,-0.10315249164685991,-0.010477023844610467,-0.11309096525450091
sma_cross,F2018,best_combined,COVID crash,0.0319080329533199,0.023771640325820798,-0.03669480071178266,-0.09044928804626173
sma_cross,F2018,best_combined,2022 bear market,-0.08418298005830094,-0.10315249164685991,-0.0980434292833301,-0.11309096525450091
donchian,F2008,rule_adx,GFC,-0.030860249436222564,-0.010116087399790419,-0.14639488949113721,-0.16303400679082025
donchian,F2008,rule_adx,Euro debt crisis,-0.045217333679187344,-0.04296646187556086,-0.06842885235120866,-0.08743987074221193
donchian,F2008,rule_adx,2015-16 selloff,-0.02199756969926092,-0.01477439077335585,-0.052944469538751426,-0.06267818983245788
donchian,F2018,rule_adx,COVID crash,0.19745488476424056,0.2983753034946086,-0.11067548412266659,-0.11048109294374275
donchian,F2018,rule_adx,2022 bear market,-0.09182214076363038,-0.12687896110618413,-0.17297783268684397,-0.2078614695051083
donchian,F2008,regime_linearity,GFC,-0.012271090609824009,-0.010116087399790419,-0.103163816961237,-0.16303400679082025
donchian,F2008,regime_linearity,Euro debt crisis,-0.039616883047735585,-0.04296646187556086,-0.05017626466421554,-0.08743987074221193
donchian,F2008,regime_linearity,2015-16 selloff,-0.009810895870098646,-0.01477439077335585,-0.028724884373985016,-0.06267818983245788
donchian,F2008,meta_label,GFC,-0.012175851505323743,-0.010116087399790419,-0.09454946142405551,-0.16303400679082025
donchian,F2008,meta_label,Euro debt crisis,-0.04028375225301595,-0.04296646187556086,-0.055086413821987756,-0.08743987074221193
donchian,F2008,meta_label,2015-16 selloff,-0.007638978077746494,-0.01477439077335585,-0.03203497158223356,-0.06267818983245788
donchian,F2008,position_sizing,GFC,-0.003150015783796145,-0.010116087399790419,-0.13070527980722502,-0.16303400679082025
donchian,F2008,position_sizing,Euro debt crisis,-0.03863039781466038,-0.04296646187556086,-0.06676094659863596,-0.08743987074221193
donchian,F2008,position_sizing,2015-16 selloff,-0.01645962582997529,-0.01477439077335585,-0.049447126040033984,-0.06267818983245788
donchian,F2008,entry,GFC,0.05879585748383165,-0.010116087399790419,-0.1282677519255836,-0.16303400679082025
donchian,F2008,entry,Euro debt crisis,-0.02081860159421689,-0.04296646187556086,-0.06411852877976809,-0.08743987074221193
donchian,F2008,entry,2015-16 selloff,-0.021640864440551466,-0.01477439077335585,-0.05924763789384446,-0.06267818983245788
donchian,F2008,exit,GFC,-0.027464887660986426,-0.010116087399790419,-0.05913420352266785,-0.16303400679082025
donchian,F2008,exit,Euro debt crisis,-0.013303650144754875,-0.04296646187556086,-0.038338341663659126,-0.08743987074221193
donchian,F2008,exit,2015-16 selloff,0.0011998089543909796,-0.01477439077335585,-0.02625517712184977,-0.06267818983245788
donchian,F2008,best_combined,GFC,-0.01531354292755338,-0.010116087399790419,-0.11151305392434796,-0.16303400679082025
donchian,F2008,best_combined,Euro debt crisis,-0.04996609064953961,-0.04296646187556086,-0.06703208079797285,-0.08743987074221193
donchian,F2008,best_combined,2015-16 selloff,-0.009621865038120236,-0.01477439077335585,-0.039375448878433805,-0.06267818983245788
donchian,F2018,regime_linearity,COVID crash,0.04407204339420434,0.2983753034946086,-0.07467554293705914,-0.11048109294374275
donchian,F2018,regime_linearity,2022 bear market,-0.10130649515308843,-0.12687896110618413,-0.17323173437355532,-0.2078614695051083
donchian,F2018,meta_label,COVID crash,0.021611291910076158,0.2983753034946086,-0.051669546417859036,-0.11048109294374275
donchian,F2018,meta_label,2022 bear market,-0.04019868680255134,-0.12687896110618413,-0.08425075656013814,-0.2078614695051083
donchian,F2018,position_sizing,COVID crash,0.17895140698945466,0.2983753034946086,-0.08064908074891042,-0.11048109294374275
donchian,F2018,position_sizing,2022 bear market,-0.1013922457915507,-0.12687896110618413,-0.15849834151546083,-0.2078614695051083
donchian,F2018,entry,COVID crash,0.10526214812231505,0.2983753034946086,-0.13600985741012073,-0.11048109294374275
donchian,F2018,entry,2022 bear market,-0.09430529073636329,-0.12687896110618413,-0.2506344116982725,-0.2078614695051083
donchian,F2018,exit,COVID crash,0.009652872283150815,0.2983753034946086,-0.04052840151973558,-0.11048109294374275
donchian,F2018,exit,2022 bear market,-0.026681241185326665,-0.12687896110618413,-0.10805495346298821,-0.2078614695051083
donchian,F2018,best_combined,COVID crash,0.02741416192733137,0.2983753034946086,-0.06140368661789908,-0.11048109294374275
donchian,F2018,best_combined,2022 bear market,-0.05100437439971717,-0.12687896110618413,-0.10924924531775482,-0.2078614695051083
ts_momentum,F2008,rule_adx,GFC,0.02579517772393669,0.014134077349445384,-0.045323478556317465,-0.06413056719310484
ts_momentum,F2008,rule_adx,Euro debt crisis,-0.003687795095856705,-0.004019781131356148,-0.022277519789423272,-0.03855051299348933
ts_momentum,F2008,rule_adx,2015-16 selloff,-0.010909773729820937,-0.00905090828994326,-0.03144691472107686,-0.0394270483775685
ts_momentum,F2018,rule_adx,COVID crash,0.0664210336101656,0.11704689498233645,-0.09231197940304348,-0.11284307724590292
ts_momentum,F2018,rule_adx,2022 bear market,-0.01760761770349384,-0.03888707143971015,-0.022362895615109624,-0.044548479907947525
ts_momentum,F2008,regime_linearity,GFC,0.01632225344799698,0.014134077349445384,-0.027649592000859258,-0.06413056719310484
ts_momentum,F2008,regime_linearity,Euro debt crisis,0.0033074734797429173,-0.004019781131356148,-0.018712371774637915,-0.03855051299348933
ts_momentum,F2008,regime_linearity,2015-16 selloff,-0.003507120897669913,-0.00905090828994326,-0.01879481137023009,-0.0394270483775685
ts_momentum,F2008,meta_label,GFC,-0.00419186433316987,0.014134077349445384,-0.027130162917369804,-0.06413056719310484
ts_momentum,F2008,meta_label,Euro debt crisis,-0.004581381996944467,-0.004019781131356148,-0.014051406452966098,-0.03855051299348933
ts_momentum,F2008,meta_label,2015-16 selloff,-0.010471044084221282,-0.00905090828994326,-0.02120931833214701,-0.0394270483775685
ts_momentum,F2008,position_sizing,GFC,0.009616371179112182,0.014134077349445384,-0.054431616722129594,-0.06413056719310484
ts_momentum,F2008,position_sizing,Euro debt crisis,-0.005221808418468754,-0.004019781131356148,-0.03030998123797579,-0.03855051299348933
ts_momentum,F2008,position_sizing,2015-16 selloff,-0.01168236060985084,-0.00905090828994326,-0.036107166998409324,-0.0394270483775685
ts_momentum,F2008,entry,GFC,0.09814840363151367,0.014134077349445384,-0.14196082030889023,-0.06413056719310484
ts_momentum,F2008,entry,Euro debt crisis,-0.028693243988433204,-0.004019781131356148,-0.0697094609636647,-0.03855051299348933
ts_momentum,F2008,entry,2015-16 selloff,-0.02115558136376383,-0.00905090828994326,-0.049690212633466846,-0.0394270483775685
ts_momentum,F2008,exit,GFC,5.0824117145076286e-05,0.014134077349445384,-0.0071844654985233625,-0.06413056719310484
ts_momentum,F2008,exit,Euro debt crisis,0.0007335841368232288,-0.004019781131356148,-0.00639035184920822,-0.03855051299348933
ts_momentum,F2008,exit,2015-16 selloff,0.001531283985958698,-0.00905090828994326,-0.008683415908083636,-0.0394270483775685
ts_momentum,F2008,best_combined,GFC,-0.0049267705515120275,0.014134077349445384,-0.03447291040029954,-0.06413056719310484
ts_momentum,F2008,best_combined,Euro debt crisis,-0.004230873199866814,-0.004019781131356148,-0.01806114605243947,-0.03855051299348933
ts_momentum,F2008,best_combined,2015-16 selloff,-0.01387522174546385,-0.00905090828994326,-0.026885995222980297,-0.0394270483775685
ts_momentum,F2018,regime_linearity,COVID crash,0.07956313883532284,0.11704689498233645,-0.0335325311330702,-0.11284307724590292
ts_momentum,F2018,regime_linearity,2022 bear market,-0.03718029033198578,-0.03888707143971015,-0.040793498324428135,-0.044548479907947525
ts_momentum,F2018,meta_label,COVID crash,0.12615524886090523,0.11704689498233645,-0.018151384340196586,-0.11284307724590292
ts_momentum,F2018,meta_label,2022 bear market,-0.032717317347069286,-0.03888707143971015,-0.03734584769868454,-0.044548479907947525
ts_momentum,F2018,position_sizing,COVID crash,0.11735318009211482,0.11704689498233645,-0.05787189410556781,-0.11284307724590292
ts_momentum,F2018,position_sizing,2022 bear market,-0.03451910135712011,-0.03888707143971015,-0.042332119035317306,-0.044548479907947525
ts_momentum,F2018,entry,COVID crash,0.0035062992119201386,0.11704689498233645,-0.11017231950412998,-0.11284307724590292
ts_momentum,F2018,entry,2022 bear market,0.020581571281752087,-0.03888707143971015,-0.15929426672340397,-0.044548479907947525
ts_momentum,F2018,exit,COVID crash,0.04895604900757333,0.11704689498233645,-0.010051314679727863,-0.11284307724590292
ts_momentum,F2018,exit,2022 bear market,0.01872329003681461,-0.03888707143971015,-0.006084779600155188,-0.044548479907947525
ts_momentum,F2018,best_combined,COVID crash,0.1252785309185065,0.11704689498233645,-0.02223932794148875,-0.11284307724590292
ts_momentum,F2018,best_combined,2022 bear market,-0.03660602177087313,-0.03888707143971015,-0.04220747072605635,-0.044548479907947525
rsi2_reversion,F2008,rule_adx,GFC,0.024614397069587124,0.029220906407573466,-0.04048988994984781,-0.04945213155808015
rsi2_reversion,F2008,rule_adx,Euro debt crisis,0.0005633466221752759,0.0037926309827365223,-0.017993919816319592,-0.02742138381352488
rsi2_reversion,F2008,rule_adx,2015-16 selloff,-0.0032729979454543257,-0.017860969881759337,-0.014964968312210059,-0.03064946365585053
rsi2_reversion,F2018,rule_adx,COVID crash,-0.005456216761636989,-0.07145492960443289,-0.058340564461016986,-0.07774987167559277
rsi2_reversion,F2018,rule_adx,2022 bear market,0.01304633771912278,-0.01944389801903257,-0.0371918756247831,-0.05338561143647047
rsi2_reversion,F2008,regime_linearity,GFC,0.010800696654444941,0.029220906407573466,-0.022269706200044315,-0.04945213155808015
rsi2_reversion,F2008,regime_linearity,Euro debt crisis,-0.006896553173794562,0.0037926309827365223,-0.021811992221998033,-0.02742138381352488
rsi2_reversion,F2008,regime_linearity,2015-16 selloff,-0.01625726572179076,-0.017860969881759337,-0.025587764300993188,-0.03064946365585053
rsi2_reversion,F2008,meta_label,GFC,0.029209425448825543,0.029220906407573466,-0.02665685815584795,-0.04945213155808015
rsi2_reversion,F2008,meta_label,Euro debt crisis,-0.0020150920285439966,0.0037926309827365223,-0.02006310308347481,-0.02742138381352488
rsi2_reversion,F2008,meta_label,2015-16 selloff,-0.01770786691473414,-0.017860969881759337,-0.023872479866344776,-0.03064946365585053
rsi2_reversion,F2008,position_sizing,GFC,0.028415590659900847,0.029220906407573466,-0.03692211268607015,-0.04945213155808015
rsi2_reversion,F2008,position_sizing,Euro debt crisis,-0.0013923935500325113,0.0037926309827365223,-0.02487885688049296,-0.02742138381352488
rsi2_reversion,F2008,position_sizing,2015-16 selloff,-0.020226711843079337,-0.017860969881759337,-0.030255474631482593,-0.03064946365585053
rsi2_reversion,F2008,entry,GFC,-0.01755243860354283,0.029220906407573466,-0.0514848990018566,-0.04945213155808015
rsi2_reversion,F2008,entry,Euro debt crisis,-0.07064846599980368,0.0037926309827365223,-0.06994796820413596,-0.02742138381352488
rsi2_reversion,F2008,entry,2015-16 selloff,-0.06332278928041124,-0.017860969881759337,-0.06428864825456515,-0.03064946365585053
rsi2_reversion,F2008,exit,GFC,0.044293607581225025,0.029220906407573466,-0.025850625353420753,-0.04945213155808015
rsi2_reversion,F2008,exit,Euro debt crisis,0.002237079468274672,0.0037926309827365223,-0.013763183168821747,-0.02742138381352488
rsi2_reversion,F2008,exit,2015-16 selloff,-0.004838774000115564,-0.017860969881759337,-0.013260852948223656,-0.03064946365585053
rsi2_reversion,F2008,best_combined,GFC,0.0362527660661236,0.029220906407573466,-0.03278930456210205,-0.04945213155808015
rsi2_reversion,F2008,best_combined,Euro debt crisis,-0.0027212826217146713,0.0037926309827365223,-0.02434451234562185,-0.02742138381352488
rsi2_reversion,F2008,best_combined,2015-16 selloff,-0.02370066908411994,-0.017860969881759337,-0.03075720945767657,-0.03064946365585053
rsi2_reversion,F2018,regime_linearity,COVID crash,-0.03458252330599931,-0.07145492960443289,-0.039023792471550856,-0.07774987167559277
rsi2_reversion,F2018,regime_linearity,2022 bear market,0.009966864389875596,-0.01944389801903257,-0.03386178629192227,-0.05338561143647047
rsi2_reversion,F2018,meta_label,COVID crash,-0.03429950351920008,-0.07145492960443289,-0.03788967929892362,-0.07774987167559277
rsi2_reversion,F2018,meta_label,2022 bear market,-0.016006198260822058,-0.01944389801903257,-0.02518242126516612,-0.05338561143647047
rsi2_reversion,F2018,position_sizing,COVID crash,-0.0641260876069818,-0.07145492960443289,-0.06975961270464659,-0.07774987167559277
rsi2_reversion,F2018,position_sizing,2022 bear market,-0.021377489634490154,-0.01944389801903257,-0.054343838508935205,-0.05338561143647047
rsi2_reversion,F2018,entry,COVID crash,-0.30158206831445744,-0.07145492960443289,-0.3170496031345159,-0.07774987167559277
rsi2_reversion,F2018,entry,2022 bear market,0.0058156407827139045,-0.01944389801903257,-0.11887649425190194,-0.05338561143647047
rsi2_reversion,F2018,exit,COVID crash,0.02125385422796011,-0.07145492960443289,-0.02097747121156124,-0.07774987167559277
rsi2_reversion,F2018,exit,2022 bear market,0.00010465523741176597,-0.01944389801903257,-0.038080652037934204,-0.05338561143647047
rsi2_reversion,F2018,best_combined,COVID crash,-0.04183944081171376,-0.07145492960443289,-0.04626122108198383,-0.07774987167559277
rsi2_reversion,F2018,best_combined,2022 bear market,-0.01907952730511897,-0.01944389801903257,-0.029454120273951223,-0.05338561143647047
