strategy,market,is_mean_trade_bps,oos_mean_trade_bps,n_trades
jma_trend,equity_indices,145.54825521795,28.403843699738587,4722
jma_trend,equity_etfs,145.58822698330968,39.925262796190005,3167
jma_trend,fixed_income,54.46563247551125,16.486485939842442,1541
jma_trend,commodities,203.530859107553,0.5316081289477435,3459
jma_trend,fx,49.24297734164365,1.1055518148060994,2249
jma_trend,crypto,1536.5735615540866,479.27301638328913,333
jma_trend,stocks_us,220.74458501653206,103.17104721868255,2946
jma_trend,stocks_intl,225.25032406217022,59.29643983549155,5441
sma_cross,equity_indices,305.08851742217894,-29.821588642220824,1036
sma_cross,equity_etfs,363.50226192912095,-47.35243031882305,764
sma_cross,fixed_income,98.76417216445711,19.734897982004124,364
sma_cross,commodities,442.5948785209147,53.315480211014865,801
sma_cross,fx,158.18873322911895,-24.862796704426117,644
sma_cross,crypto,1846.9923555206399,455.0781264033215,90
sma_cross,stocks_us,246.31335145579402,-65.67145565731812,816
sma_cross,stocks_intl,355.51955317979133,-28.096771973930156,1419
donchian,equity_indices,93.25155033029755,19.701247351307043,4002
donchian,equity_etfs,55.74283987804908,-17.833737778958604,2661
donchian,fixed_income,33.823117851000504,4.791198829642797,1264
donchian,commodities,84.12180142245718,-6.019227057858451,2622
donchian,fx,23.322255852661375,-8.230699905349818,1454
donchian,crypto,1433.3379336380024,708.6790091574236,239
donchian,stocks_us,37.421258165681074,-16.35797497718819,2770
donchian,stocks_intl,64.1982069256629,-10.945227493953503,4405
ts_momentum,equity_indices,189.00490629616976,-15.108692824516844,1085
ts_momentum,equity_etfs,226.97682037278844,-12.666912675454036,736
ts_momentum,fixed_income,99.30327951979044,17.344097332156505,368
ts_momentum,commodities,362.829768042136,65.71544795802926,863
ts_momentum,fx,131.96858729792376,-29.984310837152872,661
ts_momentum,crypto,1171.7973170807788,530.158717847455,71
ts_momentum,stocks_us,144.34779119206277,-93.20886239663415,815
ts_momentum,stocks_intl,307.1086760427243,-42.54208393056587,1421
rsi2_reversion,equity_indices,6.620636560614976,-26.50629564050302,3304
rsi2_reversion,equity_etfs,36.75565208302263,-36.30089356635017,2230
rsi2_reversion,fixed_income,-1.2742103515041414,-16.23039147514249,1118
rsi2_reversion,commodities,-13.317616038786083,-95.5935309671055,2261
rsi2_reversion,fx,16.17412362955116,-12.117602418575478,1580
rsi2_reversion,crypto,-14.044508786000574,-228.69438755782932,241
rsi2_reversion,stocks_us,20.70031945269119,-43.99914121999976,2425
rsi2_reversion,stocks_intl,25.932733172712936,-44.42635100995404,4004
