strategy,freeze,variant,dimension,regime,days,v_sharpe,b_sharpe,delta_sharpe
jma_trend,F2008,rule_adx,trend,bear,828,-0.8595145222098113,-0.5733443240794261,-0.28617019813038513
jma_trend,F2008,rule_adx,trend,bull,2125,0.6009670975532377,1.0495369554923788,-0.44856985793914106
jma_trend,F2008,rule_adx,vol,high_vol,1879,0.37539093416897384,0.8246912557826317,-0.44930032161365785
jma_trend,F2008,rule_adx,vol,low_vol,1074,-0.03855949225546267,0.3534572959714958,-0.39201678822695846
jma_trend,F2018,rule_adx,trend,bear,896,0.07122846393467616,-0.4058296703989559,0.4770581343336321
jma_trend,F2018,rule_adx,trend,bull,2290,0.8390025440039388,0.8056645100678906,0.03333803393604817
jma_trend,F2018,rule_adx,vol,high_vol,2456,0.8298228466099679,0.5393531732811768,0.29046967332879103
jma_trend,F2018,rule_adx,vol,low_vol,730,-0.29262582495509426,0.41172947363390994,-0.7043552985890043
jma_trend,F2008,regime_linearity,trend,bear,828,-0.6700482452138712,-0.5733443240794261,-0.09670392113444504
jma_trend,F2008,regime_linearity,trend,bull,2125,0.4888981022465265,1.0495369554923788,-0.5606388532458523
jma_trend,F2008,regime_linearity,vol,high_vol,1879,-0.31694702009188513,0.8246912557826317,-1.141638275874517
jma_trend,F2008,regime_linearity,vol,low_vol,1074,0.6236296767510806,0.3534572959714958,0.27017238077958483
jma_trend,F2008,meta_label,trend,bear,828,-0.8044117404812142,-0.5733443240794261,-0.23106741640178807
jma_trend,F2008,meta_label,trend,bull,2125,0.5797651618106504,1.0495369554923788,-0.4697717936817284
jma_trend,F2008,meta_label,vol,high_vol,1879,0.11360378720853119,0.8246912557826317,-0.7110874685741005
jma_trend,F2008,meta_label,vol,low_vol,1074,0.17442780626557053,0.3534572959714958,-0.17902948970592525
jma_trend,F2008,position_sizing,trend,bear,828,-0.48432362917893895,-0.5733443240794261,0.0890206949004872
jma_trend,F2008,position_sizing,trend,bull,2125,0.7597302051511529,1.0495369554923788,-0.28980675034122594
jma_trend,F2008,position_sizing,vol,high_vol,1879,0.20979832798653036,0.8246912557826317,-0.6148929277961013
jma_trend,F2008,position_sizing,vol,low_vol,1074,0.4954031724283607,0.3534572959714958,0.1419458764568649
jma_trend,F2008,entry,trend,bear,828,-0.20012794985066035,-0.5733443240794261,0.3732163742287658
jma_trend,F2008,entry,trend,bull,2125,-0.06254008962171431,1.0495369554923788,-1.112077045114093
jma_trend,F2008,entry,vol,high_vol,1879,-0.27421211879248264,0.8246912557826317,-1.0989033745751144
jma_trend,F2008,entry,vol,low_vol,1074,0.5004683049250971,0.3534572959714958,0.1470110089536013
jma_trend,F2008,exit,trend,bear,828,-0.09801113597760791,-0.5733443240794261,0.47533318810181824
jma_trend,F2008,exit,trend,bull,2125,-0.8125183425999952,1.0495369554923788,-1.8620552980923741
jma_trend,F2008,exit,vol,high_vol,1879,-0.3359604046513866,0.8246912557826317,-1.1606516604340182
jma_trend,F2008,exit,vol,low_vol,1074,-0.8747031986888449,0.3534572959714958,-1.2281604946603406
jma_trend,F2008,best_combined,trend,bear,828,-0.8185919631905659,-0.5733443240794261,-0.24524763911113978
jma_trend,F2008,best_combined,trend,bull,2125,0.596941000341347,1.0495369554923788,-0.4525959551510318
jma_trend,F2008,best_combined,vol,high_vol,1879,0.13041841081042238,0.8246912557826317,-0.6942728449722093
jma_trend,F2008,best_combined,vol,low_vol,1074,0.16331156954964124,0.3534572959714958,-0.19014572642185454
jma_trend,F2018,regime_linearity,trend,bear,896,-0.2675911099552713,-0.4058296703989559,0.1382385604436846
jma_trend,F2018,regime_linearity,trend,bull,2290,0.7083000891857459,0.8056645100678906,-0.0973644208821447
jma_trend,F2018,regime_linearity,vol,high_vol,2456,0.4675383152694248,0.5393531732811768,-0.07181485801175203
jma_trend,F2018,regime_linearity,vol,low_vol,730,0.45392615116606944,0.41172947363390994,0.0421966775321595
jma_trend,F2018,meta_label,trend,bear,896,0.2884951704981168,-0.4058296703989559,0.6943248408970727
jma_trend,F2018,meta_label,trend,bull,2290,1.0014558780420122,0.8056645100678906,0.19579136797412156
jma_trend,F2018,meta_label,vol,high_vol,2456,0.668555063136104,0.5393531732811768,0.1292018898549272
jma_trend,F2018,meta_label,vol,low_vol,730,1.6855391858091007,0.41172947363390994,1.2738097121751908
jma_trend,F2018,position_sizing,trend,bear,896,-0.49205737507266645,-0.4058296703989559,-0.08622770467371055
jma_trend,F2018,position_sizing,trend,bull,2290,0.958371129352365,0.8056645100678906,0.15270661928447438
jma_trend,F2018,position_sizing,vol,high_vol,2456,0.5549886211829743,0.5393531732811768,0.015635447901797495
jma_trend,F2018,position_sizing,vol,low_vol,730,0.996978459453905,0.41172947363390994,0.585248985819995
jma_trend,F2018,entry,trend,bear,896,-0.3936089635375793,-0.4058296703989559,0.012220706861376607
jma_trend,F2018,entry,trend,bull,2290,0.5004904246306292,0.8056645100678906,-0.30517408543726143
jma_trend,F2018,entry,vol,high_vol,2456,0.20166682442628822,0.5393531732811768,-0.3376863488548886
jma_trend,F2018,entry,vol,low_vol,730,0.556208201661247,0.41172947363390994,0.14447872802733702
jma_trend,F2018,exit,trend,bear,896,0.40654063676462354,-0.4058296703989559,0.8123703071635795
jma_trend,F2018,exit,trend,bull,2290,-0.07672902593229307,0.8056645100678906,-0.8823935360001837
jma_trend,F2018,exit,vol,high_vol,2456,-0.031207473122855444,0.5393531732811768,-0.5705606464040323
jma_trend,F2018,exit,vol,low_vol,730,0.5252135568008274,0.41172947363390994,0.11348408316691744
jma_trend,F2018,best_combined,trend,bear,896,0.21094062626111212,-0.4058296703989559,0.616770296660068
jma_trend,F2018,best_combined,trend,bull,2290,0.9789841954096714,0.8056645100678906,0.17331968534178077
jma_trend,F2018,best_combined,vol,high_vol,2456,0.6430887380123075,0.5393531732811768,0.10373556473113066
jma_trend,F2018,best_combined,vol,low_vol,730,1.6888139405168938,0.41172947363390994,1.277084466882984
sma_cross,F2008,rule_adx,trend,bear,828,-0.43209125408813237,-0.2582886349829133,-0.17380261910521905
sma_cross,F2008,rule_adx,trend,bull,2125,0.2234156719822876,0.2960991653295708,-0.07268349334728322
sma_cross,F2008,rule_adx,vol,high_vol,1879,-0.12534148836595982,0.0691567815974139,-0.19449826996337372
sma_cross,F2008,rule_adx,vol,low_vol,1074,0.03337568842713718,-0.12856101078890453,0.1619366992160417
sma_cross,F2018,rule_adx,trend,bear,896,-0.38441973095969095,-0.4541266781863174,0.06970694722662646
sma_cross,F2018,rule_adx,trend,bull,2290,-0.16734191729995185,-0.043813585232107474,-0.12352833206784437
sma_cross,F2018,rule_adx,vol,high_vol,2456,-0.32213816590957783,-0.1838287051840031,-0.13830946072557473
sma_cross,F2018,rule_adx,vol,low_vol,730,0.30868292599707886,-0.0006177184211183144,0.30930064441819716
sma_cross,F2008,regime_linearity,trend,bear,828,-0.010779072408059464,-0.2582886349829133,0.24750956257485385
sma_cross,F2008,regime_linearity,trend,bull,2125,0.29854781070822883,0.2960991653295708,0.002448645378658021
sma_cross,F2008,regime_linearity,vol,high_vol,1879,0.047556969224420625,0.0691567815974139,-0.02159981237299327
sma_cross,F2008,regime_linearity,vol,low_vol,1074,0.41558739346345397,-0.12856101078890453,0.5441484042523586
sma_cross,F2008,meta_label,trend,bear,828,-0.3305151597171776,-0.2582886349829133,-0.07222652473426427
sma_cross,F2008,meta_label,trend,bull,2125,0.21394015720091253,0.2960991653295708,-0.08215900812865828
sma_cross,F2008,meta_label,vol,high_vol,1879,-0.09837946157511775,0.0691567815974139,-0.16753624317253163
sma_cross,F2008,meta_label,vol,low_vol,1074,0.2512655455069178,-0.12856101078890453,0.37982655629582235
sma_cross,F2008,position_sizing,trend,bear,828,-0.3595753857583959,-0.2582886349829133,-0.1012867507754826
sma_cross,F2008,position_sizing,trend,bull,2125,0.3885353029955282,0.2960991653295708,0.09243613766595737
sma_cross,F2008,position_sizing,vol,high_vol,1879,0.07278904912773673,0.0691567815974139,0.0036322675303228358
sma_cross,F2008,position_sizing,vol,low_vol,1074,0.0085220469617701,-0.12856101078890453,0.13708305775067464
sma_cross,F2008,entry,trend,bear,828,-0.14842631084988098,-0.2582886349829133,0.10986232413303235
sma_cross,F2008,entry,trend,bull,2125,0.22853662228485844,0.2960991653295708,-0.06756254304471238
sma_cross,F2008,entry,vol,high_vol,1879,-0.07652472178314366,0.0691567815974139,-0.14568150338055758
sma_cross,F2008,entry,vol,low_vol,1074,0.35031712185310093,-0.12856101078890453,0.47887813264200546
sma_cross,F2008,exit,trend,bear,828,-0.2920926836299687,-0.2582886349829133,-0.033804048647055385
sma_cross,F2008,exit,trend,bull,2125,-0.1430303754332537,0.2960991653295708,-0.4391295407628245
sma_cross,F2008,exit,vol,high_vol,1879,-0.20018385680201187,0.0691567815974139,-0.2693406383994258
sma_cross,F2008,exit,vol,low_vol,1074,-0.18703107472272532,-0.12856101078890453,-0.05847006393382079
sma_cross,F2008,best_combined,trend,bear,828,-0.3366004520444115,-0.2582886349829133,-0.0783118170614982
sma_cross,F2008,best_combined,trend,bull,2125,0.21645407941626238,0.2960991653295708,-0.07964508591330843
sma_cross,F2008,best_combined,vol,high_vol,1879,-0.10210636254294407,0.0691567815974139,-0.17126314414035798
sma_cross,F2008,best_combined,vol,low_vol,1074,0.2655209645868695,-0.12856101078890453,0.39408197537577405
sma_cross,F2018,regime_linearity,trend,bear,896,-0.09254707027544587,-0.4541266781863174,0.3615796079108715
sma_cross,F2018,regime_linearity,trend,bull,2290,0.18733368728084485,-0.043813585232107474,0.2311472725129523
sma_cross,F2018,regime_linearity,vol,high_vol,2456,0.125451503294563,-0.1838287051840031,0.3092802084785661
sma_cross,F2018,regime_linearity,vol,low_vol,730,0.08541289036227298,-0.0006177184211183144,0.08603060878339129
sma_cross,F2018,meta_label,trend,bear,896,-0.3148273672854927,-0.4541266781863174,0.1392993109008247
sma_cross,F2018,meta_label,trend,bull,2290,0.02446238405790396,-0.043813585232107474,0.06827596929001144
sma_cross,F2018,meta_label,vol,high_vol,2456,-0.104539022614106,-0.1838287051840031,0.0792896825698971
sma_cross,F2018,meta_label,vol,low_vol,730,0.2088720392486582,-0.0006177184211183144,0.2094897576697765
sma_cross,F2018,position_sizing,trend,bear,896,-0.4467688391536244,-0.4541266781863174,0.007357839032692992
sma_cross,F2018,position_sizing,trend,bull,2290,0.0026541400817031444,-0.043813585232107474,0.04646772531381062
sma_cross,F2018,position_sizing,vol,high_vol,2456,-0.1482712427999284,-0.1838287051840031,0.0355574623840747
sma_cross,F2018,position_sizing,vol,low_vol,730,0.07582670499274413,-0.0006177184211183144,0.07644442341386244
sma_cross,F2018,entry,trend,bear,896,0.045834772272035695,-0.4541266781863174,0.4999614504583531
sma_cross,F2018,entry,trend,bull,2290,0.6603467617679268,-0.043813585232107474,0.7041603470000343
sma_cross,F2018,entry,vol,high_vol,2456,0.4710373156867916,-0.1838287051840031,0.6548660208707947
sma_cross,F2018,entry,vol,low_vol,730,0.6609201973090878,-0.0006177184211183144,0.6615379157302061
sma_cross,F2018,exit,trend,bear,896,-0.0688851376978699,-0.4541266781863174,0.3852415404884475
sma_cross,F2018,exit,trend,bull,2290,0.11951670535193579,-0.043813585232107474,0.16333029058404325
sma_cross,F2018,exit,vol,high_vol,2456,0.07385896731061879,-0.1838287051840031,0.2576876724946219
sma_cross,F2018,exit,vol,low_vol,730,0.04714331933518751,-0.0006177184211183144,0.04776103775630583
sma_cross,F2018,best_combined,trend,bear,896,-0.3218402053292616,-0.4541266781863174,0.1322864728570558
sma_cross,F2018,best_combined,trend,bull,2290,0.02104686245707862,-0.043813585232107474,0.0648604476891861
sma_cross,F2018,best_combined,vol,high_vol,2456,-0.11462187176336387,-0.1838287051840031,0.06920683342063923
sma_cross,F2018,best_combined,vol,low_vol,730,0.23037248098084698,-0.0006177184211183144,0.2309901994019653
donchian,F2008,rule_adx,trend,bear,828,-0.6278724512391037,-0.4006592752345798,-0.22721317600452395
donchian,F2008,rule_adx,trend,bull,2125,0.6277339223559022,0.6542779176250244,-0.02654399526912221
donchian,F2008,rule_adx,vol,high_vol,1879,0.2387845060248038,0.26981576194271173,-0.031031255917907924
donchian,F2008,rule_adx,vol,low_vol,1074,0.26724682476920414,0.3880225348488744,-0.12077571007967025
donchian,F2018,rule_adx,trend,bear,896,-0.03210349022030815,-0.1284157915342565,0.09631230131394836
donchian,F2018,rule_adx,trend,bull,2290,0.6448770356216995,0.6795346673669397,-0.03465763174524017
donchian,F2018,rule_adx,vol,high_vol,2456,0.434217119919341,0.40626372191064986,0.02795339800869112
donchian,F2018,rule_adx,vol,low_vol,730,0.41876448508834285,0.5345452422756549,-0.11578075718731207
donchian,F2008,regime_linearity,trend,bear,828,-0.506845386266264,-0.4006592752345798,-0.10618611103168418
donchian,F2008,regime_linearity,trend,bull,2125,0.4126809698635975,0.6542779176250244,-0.24159694776142693
donchian,F2008,regime_linearity,vol,high_vol,1879,-0.20919919294253697,0.26981576194271173,-0.4790149548852487
donchian,F2008,regime_linearity,vol,low_vol,1074,0.41867706204620825,0.3880225348488744,0.03065452719733386
donchian,F2008,meta_label,trend,bear,828,-0.39401968450507974,-0.4006592752345798,0.0066395907295000445
donchian,F2008,meta_label,trend,bull,2125,0.5747853513906134,0.6542779176250244,-0.07949256623441103
donchian,F2008,meta_label,vol,high_vol,1879,-0.06003625565205896,0.26981576194271173,-0.3298520175947707
donchian,F2008,meta_label,vol,low_vol,1074,0.668527112268563,0.3880225348488744,0.2805045774196886
donchian,F2008,position_sizing,trend,bear,828,-0.3361412898044229,-0.4006592752345798,0.06451798543015685
donchian,F2008,position_sizing,trend,bull,2125,0.41176214712465153,0.6542779176250244,-0.24251577050037287
donchian,F2008,position_sizing,vol,high_vol,1879,-0.12120820258404906,0.26981576194271173,-0.3910239645267608
donchian,F2008,position_sizing,vol,low_vol,1074,0.5863807022049247,0.3880225348488744,0.19835816735605027
donchian,F2008,entry,trend,bear,828,-0.18959394969284663,-0.4006592752345798,0.21106532554173316
donchian,F2008,entry,trend,bull,2125,-0.18077919550365265,0.6542779176250244,-0.835057113128677
donchian,F2008,entry,vol,high_vol,1879,-0.28897186569104044,0.26981576194271173,-0.5587876276337522
donchian,F2008,entry,vol,low_vol,1074,0.3694710472344717,0.3880225348488744,-0.018551487614402673
donchian,F2008,exit,trend,bear,828,-0.5757538110089343,-0.4006592752345798,-0.17509453577435452
donchian,F2008,exit,trend,bull,2125,-0.11504780159661247,0.6542779176250244,-0.7693257192216368
donchian,F2008,exit,vol,high_vol,1879,-0.4163346398286943,0.26981576194271173,-0.686150401771406
donchian,F2008,exit,vol,low_vol,1074,-0.015222995866182802,0.3880225348488744,-0.4032455307150572
donchian,F2008,best_combined,trend,bear,828,-0.39859290585045676,-0.4006592752345798,0.0020663693841230235
donchian,F2008,best_combined,trend,bull,2125,0.6023717779197044,0.6542779176250244,-0.05190613970531999
donchian,F2008,best_combined,vol,high_vol,1879,-0.05160636237092437,0.26981576194271173,-0.3214221243136361
donchian,F2008,best_combined,vol,low_vol,1074,0.7003931536721333,0.3880225348488744,0.3123706188232589
donchian,F2018,regime_linearity,trend,bear,896,-0.5791004653497149,-0.1284157915342565,-0.4506846738154584
donchian,F2018,regime_linearity,trend,bull,2290,0.8120363767084484,0.6795346673669397,0.13250170934150873
donchian,F2018,regime_linearity,vol,high_vol,2456,0.2917233760554707,0.40626372191064986,-0.11454034585517914
donchian,F2018,regime_linearity,vol,low_vol,730,0.6895842112438606,0.5345452422756549,0.15503896896820568
donchian,F2018,meta_label,trend,bear,896,0.06475501073111933,-0.1284157915342565,0.19317080226537583
donchian,F2018,meta_label,trend,bull,2290,0.8134229379980427,0.6795346673669397,0.13388827063110298
donchian,F2018,meta_label,vol,high_vol,2456,0.37999627158975513,0.40626372191064986,-0.026267450320894725
donchian,F2018,meta_label,vol,low_vol,730,1.6753582802882596,0.5345452422756549,1.1408130380126047
donchian,F2018,position_sizing,trend,bear,896,0.01989216171969824,-0.1284157915342565,0.14830795325395474
donchian,F2018,position_sizing,trend,bull,2290,0.7935966004166074,0.6795346673669397,0.11406193304966772
donchian,F2018,position_sizing,vol,high_vol,2456,0.4983078179386974,0.40626372191064986,0.09204409602804753
donchian,F2018,position_sizing,vol,low_vol,730,1.1045240344056688,0.5345452422756549,0.5699787921300139
donchian,F2018,entry,trend,bear,896,-0.5040757951614606,-0.1284157915342565,-0.3756600036272041
donchian,F2018,entry,trend,bull,2290,0.4694574322461907,0.6795346673669397,-0.210077235120749
donchian,F2018,entry,vol,high_vol,2456,0.13572374688579744,0.40626372191064986,-0.2705399750248524
donchian,F2018,entry,vol,low_vol,730,0.5797196672527517,0.5345452422756549,0.04517442497709678
donchian,F2018,exit,trend,bear,896,-0.33267765597300153,-0.1284157915342565,-0.20426186443874503
donchian,F2018,exit,trend,bull,2290,0.5606515970124525,0.6795346673669397,-0.1188830703544872
donchian,F2018,exit,vol,high_vol,2456,0.3590984805978547,0.40626372191064986,-0.04716524131279515
donchian,F2018,exit,vol,low_vol,730,0.32610941418823297,0.5345452422756549,-0.20843582808742195
donchian,F2018,best_combined,trend,bear,896,0.10882510131022308,-0.1284157915342565,0.23724089284447958
donchian,F2018,best_combined,trend,bull,2290,0.8190127816260037,0.6795346673669397,0.13947811425906398
donchian,F2018,best_combined,vol,high_vol,2456,0.4142083855697456,0.40626372191064986,0.007944663659095741
donchian,F2018,best_combined,vol,low_vol,730,1.6751885080974442,0.5345452422756549,1.1406432658217893
ts_momentum,F2008,rule_adx,trend,bear,828,-0.29216907327446634,-0.2992293519172845,0.007060278642818163
ts_momentum,F2008,rule_adx,trend,bull,2125,0.5650012493599419,0.4537676642854966,0.11123358507444531
ts_momentum,F2008,rule_adx,vol,high_vol,1879,0.1454599510025488,0.1052853647524115,0.0401745862501373
ts_momentum,F2008,rule_adx,vol,low_vol,1074,0.150724851326403,-0.09387600336394193,0.24460085469034493
ts_momentum,F2018,rule_adx,trend,bear,896,0.16459286197233566,0.13870383142189566,0.025889030550440006
ts_momentum,F2018,rule_adx,trend,bull,2290,-0.16741568084794614,0.13517969533555874,-0.30259537618350485
ts_momentum,F2018,rule_adx,vol,high_vol,2456,0.004292340861338611,0.20901934916340206,-0.20472700830206345
ts_momentum,F2018,rule_adx,vol,low_vol,730,-0.5005525522449711,-0.2644269062185073,-0.2361256460264638
ts_momentum,F2008,regime_linearity,trend,bear,828,-0.23915756650857,-0.2992293519172845,0.060071785408714495
ts_momentum,F2008,regime_linearity,trend,bull,2125,0.591662942197996,0.4537676642854966,0.1378952779124994
ts_momentum,F2008,regime_linearity,vol,high_vol,1879,0.15218858324440526,0.1052853647524115,0.04690321849199376
ts_momentum,F2008,regime_linearity,vol,low_vol,1074,0.329304602016086,-0.09387600336394193,0.42318060538002794
ts_momentum,F2008,meta_label,trend,bear,828,-0.34612891285614567,-0.2992293519172845,-0.04689956093886116
ts_momentum,F2008,meta_label,trend,bull,2125,0.6737694715708064,0.4537676642854966,0.22000180728530977
ts_momentum,F2008,meta_label,vol,high_vol,1879,0.28239999460091714,0.1052853647524115,0.17711462984850562
ts_momentum,F2008,meta_label,vol,low_vol,1074,0.20732783089453924,-0.09387600336394193,0.3012038342584812
ts_momentum,F2008,position_sizing,trend,bear,828,-0.28816934179030035,-0.2992293519172845,0.011060010126984154
ts_momentum,F2008,position_sizing,trend,bull,2125,0.45944738548161096,0.4537676642854966,0.005679721196114373
ts_momentum,F2008,position_sizing,vol,high_vol,1879,0.15187422691064612,0.1052853647524115,0.046588862158234615
ts_momentum,F2008,position_sizing,vol,low_vol,1074,-0.11858276204062713,-0.09387600336394193,-0.024706758676685203
ts_momentum,F2008,entry,trend,bear,828,-0.14842631084988098,-0.2992293519172845,0.15080304106740353
ts_momentum,F2008,entry,trend,bull,2125,0.22853662228485844,0.4537676642854966,-0.22523104200063815
ts_momentum,F2008,entry,vol,high_vol,1879,-0.07652472178314366,0.1052853647524115,-0.18181008653555517
ts_momentum,F2008,entry,vol,low_vol,1074,0.35031712185310093,-0.09387600336394193,0.44419312521704285
ts_momentum,F2008,exit,trend,bear,828,-0.3090882420027959,-0.2992293519172845,-0.009858890085511385
ts_momentum,F2008,exit,trend,bull,2125,0.10965902840538129,0.4537676642854966,-0.3441086358801153
ts_momentum,F2008,exit,vol,high_vol,1879,0.017277168527694068,0.1052853647524115,-0.08800819622471744
ts_momentum,F2008,exit,vol,low_vol,1074,-0.20379797957568432,-0.09387600336394193,-0.10992197621174239
ts_momentum,F2008,best_combined,trend,bear,828,-0.2623443059709632,-0.2992293519172845,0.036885045946321304
ts_momentum,F2008,best_combined,trend,bull,2125,0.6442237347873222,0.4537676642854966,0.19045607050182561
ts_momentum,F2008,best_combined,vol,high_vol,1879,0.30060209178188935,0.1052853647524115,0.19531672702947783
ts_momentum,F2008,best_combined,vol,low_vol,1074,0.1923597147450852,-0.09387600336394193,0.28623571810902715
ts_momentum,F2018,regime_linearity,trend,bear,896,-0.08526670390777324,0.13870383142189566,-0.2239705353296689
ts_momentum,F2018,regime_linearity,trend,bull,2290,0.5146650767824106,0.13517969533555874,0.37948538144685184
ts_momentum,F2018,regime_linearity,vol,high_vol,2456,0.22161223750520026,0.20901934916340206,0.012592888341798197
ts_momentum,F2018,regime_linearity,vol,low_vol,730,0.5444154578176073,-0.2644269062185073,0.8088423640361145
ts_momentum,F2018,meta_label,trend,bear,896,0.26916473335424534,0.13870383142189566,0.1304609019323497
ts_momentum,F2018,meta_label,trend,bull,2290,0.22837335586925517,0.13517969533555874,0.09319366053369643
ts_momentum,F2018,meta_label,vol,high_vol,2456,0.3003253741245862,0.20901934916340206,0.09130602496118415
ts_momentum,F2018,meta_label,vol,low_vol,730,-0.07531394425792944,-0.2644269062185073,0.18911296196057786
ts_momentum,F2018,position_sizing,trend,bear,896,0.2199131258445559,0.13870383142189566,0.08120929442266026
ts_momentum,F2018,position_sizing,trend,bull,2290,0.16094095944991954,0.13517969533555874,0.025761264114360805
ts_momentum,F2018,position_sizing,vol,high_vol,2456,0.25382493836311415,0.20901934916340206,0.04480558919971209
ts_momentum,F2018,position_sizing,vol,low_vol,730,-0.22542563865271592,-0.2644269062185073,0.039001267565791364
ts_momentum,F2018,entry,trend,bear,896,0.045834772272035695,0.13870383142189566,-0.09286905914985996
ts_momentum,F2018,entry,trend,bull,2290,0.6603467617679268,0.13517969533555874,0.5251670664323681
ts_momentum,F2018,entry,vol,high_vol,2456,0.4710373156867916,0.20901934916340206,0.2620179665233895
ts_momentum,F2018,entry,vol,low_vol,730,0.6609201973090878,-0.2644269062185073,0.9253471035275951
ts_momentum,F2018,exit,trend,bear,896,0.2588500719228912,0.13870383142189566,0.12014624050099557
ts_momentum,F2018,exit,trend,bull,2290,-0.6094050229544418,0.13517969533555874,-0.7445847182900005
ts_momentum,F2018,exit,vol,high_vol,2456,-0.035996189353755786,0.20901934916340206,-0.24501553851715785
ts_momentum,F2018,exit,vol,low_vol,730,-1.1731748703475307,-0.2644269062185073,-0.9087479641290234
ts_momentum,F2018,best_combined,trend,bear,896,0.25840553864976956,0.13870383142189566,0.1197017072278739
ts_momentum,F2018,best_combined,trend,bull,2290,0.21366746176598184,0.13517969533555874,0.0784877664304231
ts_momentum,F2018,best_combined,vol,high_vol,2456,0.28600298444681865,0.20901934916340206,0.07698363528341659
ts_momentum,F2018,best_combined,vol,low_vol,730,-0.08489130815908884,-0.2644269062185073,0.17953559805941843
rsi2_reversion,F2008,rule_adx,trend,bear,828,-0.22760914070604327,-0.2508583867786222,0.023249246072578944
rsi2_reversion,F2008,rule_adx,trend,bull,2125,-0.2980097414351074,-0.45727783774554825,0.15926809631044087
rsi2_reversion,F2008,rule_adx,vol,high_vol,1879,-0.15480691144860895,-0.14943291599423383,-0.005373995454375113
rsi2_reversion,F2008,rule_adx,vol,low_vol,1074,-1.1388630567044755,-1.6825570471131526,0.543693990408677
rsi2_reversion,F2018,rule_adx,trend,bear,896,-0.4790724980105403,-0.7472553731648478,0.2681828751543075
rsi2_reversion,F2018,rule_adx,trend,bull,2290,-0.03640780132714947,-0.2021392460977369,0.16573144477058743
rsi2_reversion,F2018,rule_adx,vol,high_vol,2456,-0.3012636654315094,-0.3044354318238755,0.0031717663923661044
rsi2_reversion,F2018,rule_adx,vol,low_vol,730,0.49193653941291904,-0.4263027792575187,0.9182393186704377
rsi2_reversion,F2008,regime_linearity,trend,bear,828,-0.5374372491212139,-0.2508583867786222,-0.2865788623425917
rsi2_reversion,F2008,regime_linearity,trend,bull,2125,-0.9697212150674492,-0.45727783774554825,-0.512443377321901
rsi2_reversion,F2008,regime_linearity,vol,high_vol,1879,-0.41435384929025987,-0.14943291599423383,-0.26492093329602606
rsi2_reversion,F2008,regime_linearity,vol,low_vol,1074,-1.8250364401559311,-1.6825570471131526,-0.14247939304277857
rsi2_reversion,F2008,meta_label,trend,bear,828,-0.20879895170315152,-0.2508583867786222,0.04205943507547069
rsi2_reversion,F2008,meta_label,trend,bull,2125,-0.4355890726266284,-0.45727783774554825,0.021688765118919873
rsi2_reversion,F2008,meta_label,vol,high_vol,1879,-0.10667842200055425,-0.14943291599423383,0.04275449399367959
rsi2_reversion,F2008,meta_label,vol,low_vol,1074,-0.993189977189648,-1.6825570471131526,0.6893670699235046
rsi2_reversion,F2008,position_sizing,trend,bear,828,-0.2572678990994921,-0.2508583867786222,-0.006409512320869892
rsi2_reversion,F2008,position_sizing,trend,bull,2125,-0.6897042287164565,-0.45727783774554825,-0.23242639097090828
rsi2_reversion,F2008,position_sizing,vol,high_vol,1879,-0.16609279498729326,-0.14943291599423383,-0.01665987899305943
rsi2_reversion,F2008,position_sizing,vol,low_vol,1074,-1.4794861059089492,-1.6825570471131526,0.20307094120420333
rsi2_reversion,F2008,entry,trend,bear,828,-1.6156804176655204,-0.2508583867786222,-1.3648220308868981
rsi2_reversion,F2008,entry,trend,bull,2125,-4.378872979802286,-0.45727783774554825,-3.9215951420567374
rsi2_reversion,F2008,entry,vol,high_vol,1879,-2.2800663387407036,-0.14943291599423383,-2.13063342274647
rsi2_reversion,F2008,entry,vol,low_vol,1074,-5.1413881408324595,-1.6825570471131526,-3.458831093719307
rsi2_reversion,F2008,exit,trend,bear,828,0.644392719102896,-0.2508583867786222,0.8952511058815182
rsi2_reversion,F2008,exit,trend,bull,2125,0.2342165080034769,-0.45727783774554825,0.6914943457490251
rsi2_reversion,F2008,exit,vol,high_vol,1879,0.5210339234547274,-0.14943291599423383,0.6704668394489612
rsi2_reversion,F2008,exit,vol,low_vol,1074,0.01362608822394161,-1.6825570471131526,1.6961831353370942
rsi2_reversion,F2008,best_combined,trend,bear,828,-0.23205122382504548,-0.2508583867786222,0.018807162953576734
rsi2_reversion,F2008,best_combined,trend,bull,2125,-0.3874128611618208,-0.45727783774554825,0.06986497658372748
rsi2_reversion,F2008,best_combined,vol,high_vol,1879,-0.09214046240546217,-0.14943291599423383,0.057292453588771663
rsi2_reversion,F2008,best_combined,vol,low_vol,1074,-0.9663752584222792,-1.6825570471131526,0.7161817886908733
rsi2_reversion,F2018,regime_linearity,trend,bear,896,-0.4975586456350584,-0.7472553731648478,0.2496967275297894
rsi2_reversion,F2018,regime_linearity,trend,bull,2290,-0.23366114663092136,-0.2021392460977369,-0.03152190053318446
rsi2_reversion,F2018,regime_linearity,vol,high_vol,2456,-0.45939402881145797,-0.3044354318238755,-0.15495859698758246
rsi2_reversion,F2018,regime_linearity,vol,low_vol,730,0.14623269178704149,-0.4263027792575187,0.5725354710445602
rsi2_reversion,F2018,meta_label,trend,bear,896,-1.3127766082251424,-0.7472553731648478,-0.5655212350602946
rsi2_reversion,F2018,meta_label,trend,bull,2290,-0.5182788926074278,-0.2021392460977369,-0.31613964650969084
rsi2_reversion,F2018,meta_label,vol,high_vol,2456,-0.8276190952044076,-0.3044354318238755,-0.523183663380532
rsi2_reversion,F2018,meta_label,vol,low_vol,730,-0.8745322335676008,-0.4263027792575187,-0.4482294543100821
rsi2_reversion,F2018,position_sizing,trend,bear,896,-0.6390945130578906,-0.7472553731648478,0.10816086010695725
rsi2_reversion,F2018,position_sizing,trend,bull,2290,-0.23757081381803036,-0.2021392460977369,-0.03543156772029346
rsi2_reversion,F2018,position_sizing,vol,high_vol,2456,-0.3213586901703795,-0.3044354318238755,-0.01692325834650399
rsi2_reversion,F2018,position_sizing,vol,low_vol,730,-0.38635714776152263,-0.4263027792575187,0.03994563149599606
rsi2_reversion,F2018,entry,trend,bear,896,-1.2679662213073166,-0.7472553731648478,-0.5207108481424688
rsi2_reversion,F2018,entry,trend,bull,2290,-0.7548872063958078,-0.2021392460977369,-0.5527479602980708
rsi2_reversion,F2018,entry,vol,high_vol,2456,-0.9492036920310287,-0.3044354318238755,-0.6447682602071532
rsi2_reversion,F2018,entry,vol,low_vol,730,-0.8316933794795198,-0.4263027792575187,-0.40539060022200113
rsi2_reversion,F2018,exit,trend,bear,896,0.7802506402713939,-0.7472553731648478,1.5275060134362417
rsi2_reversion,F2018,exit,trend,bull,2290,-0.070412016027036,-0.2021392460977369,0.1317272300707009
rsi2_reversion,F2018,exit,vol,high_vol,2456,0.04700159908824904,-0.3044354318238755,0.3514370309121245
rsi2_reversion,F2018,exit,vol,low_vol,730,0.29650198516992105,-0.4263027792575187,0.7228047644274398
rsi2_reversion,F2018,best_combined,trend,bear,896,-1.2652849852449453,-0.7472553731648478,-0.5180296120800975
rsi2_reversion,F2018,best_combined,trend,bull,2290,-0.5122137727749104,-0.2021392460977369,-0.3100745266771735
rsi2_reversion,F2018,best_combined,vol,high_vol,2456,-0.8043719406832565,-0.3044354318238755,-0.49993650885938096
rsi2_reversion,F2018,best_combined,vol,low_vol,730,-0.8662140233460107,-0.4263027792575187,-0.439911244088492
